id,type,title,legacy_permalink,new_route,content_file,collision_resolved
143,businesstool,Host4Geeks Review,https://idealonlinebusiness.com/host4geeks-review/,/tools/host4geeks-review,content/tools/host4geeks-review.mdx,
203,businesstool,TikTok For Business Review,https://idealonlinebusiness.com/tiktok-for-business-review/,/tools/tiktok-for-business-review,content/tools/tiktok-for-business-review.mdx,
210,businesstool,Notta Ai Review,https://idealonlinebusiness.com/notta-ai-review/,/tools/notta-ai-review,content/tools/notta-ai-review.mdx,
212,businesstool,TextCortex Overview,https://idealonlinebusiness.com/textcortex-review/,/tools/textcortex-review,content/tools/textcortex-review.mdx,
215,businesstool,Fireflies AI Review,https://idealonlinebusiness.com/fireflies-ai-review/,/tools/fireflies-ai-review,content/tools/fireflies-ai-review.mdx,
296,businesstool,BigRock Review,https://idealonlinebusiness.com/bigrock-review/,/tools/bigrock-review,content/tools/bigrock-review.mdx,
298,businesstool,Liquid Web Review,https://idealonlinebusiness.com/liquid-web-review/,/tools/liquid-web-review,content/tools/liquid-web-review.mdx,
300,businesstool,Bluehost Review,https://idealonlinebusiness.com/bluehost-review/,/tools/bluehost-review,content/tools/bluehost-review.mdx,
302,businesstool,GreenGeeks Review,https://idealonlinebusiness.com/greengeeks-review/,/tools/greengeeks-review,content/tools/greengeeks-review.mdx,
304,businesstool,InterServer Review,https://idealonlinebusiness.com/interserver-review/,/tools/interserver-review,content/tools/interserver-review.mdx,
306,businesstool,HostSoch Review,https://idealonlinebusiness.com/hostsoch-review/,/tools/hostsoch-review,content/tools/hostsoch-review.mdx,
308,businesstool,WebHostingPad Review,https://idealonlinebusiness.com/webhostingpad-review/,/tools/webhostingpad-review,content/tools/webhostingpad-review.mdx,
310,businesstool,Epik Review,https://idealonlinebusiness.com/epik-review/,/tools/epik-review,content/tools/epik-review.mdx,
312,businesstool,AltusHost Review,https://idealonlinebusiness.com/altushost-review/,/tools/altushost-review,content/tools/altushost-review.mdx,
314,businesstool,DreamHost Review,https://idealonlinebusiness.com/dreamhost-review/,/tools/dreamhost-review,content/tools/dreamhost-review.mdx,
316,businesstool,Ecwid Review,https://idealonlinebusiness.com/ecwid-review/,/tools/ecwid-review,content/tools/ecwid-review.mdx,
318,businesstool,SamCart Review,https://idealonlinebusiness.com/samcart-review/,/tools/samcart-review,content/tools/samcart-review.mdx,
320,businesstool,Service Fusion Review,https://idealonlinebusiness.com/service-fusion-review/,/tools/service-fusion-review,content/tools/service-fusion-review.mdx,
322,businesstool,Deliverr Review,https://idealonlinebusiness.com/deliverr-review/,/tools/deliverr-review,content/tools/deliverr-review.mdx,
324,businesstool,Rakuten Review,https://idealonlinebusiness.com/rakuten-review/,/tools/rakuten-review,content/tools/rakuten-review.mdx,
326,businesstool,Livestorm Review,https://idealonlinebusiness.com/livestorm-review/,/tools/livestorm-review,content/tools/livestorm-review.mdx,
328,businesstool,EasyWebinar Review,https://idealonlinebusiness.com/easywebinar-review/,/tools/easywebinar-review,content/tools/easywebinar-review.mdx,
330,businesstool,LiveChat Review,https://idealonlinebusiness.com/livechat-review/,/tools/livechat-review,content/tools/livechat-review.mdx,
332,businesstool,WebinarNinja Review,https://idealonlinebusiness.com/webinarninja-review/,/tools/webinarninja-review,content/tools/webinarninja-review.mdx,
334,businesstool,Buzzsprout Review,https://idealonlinebusiness.com/buzzsprout-review/,/tools/buzzsprout-review,content/tools/buzzsprout-review.mdx,
336,businesstool,Supermetrics Review,https://idealonlinebusiness.com/supermetrics-review/,/tools/supermetrics-review,content/tools/supermetrics-review.mdx,
339,businesstool,TransferWise Review,https://idealonlinebusiness.com/transferwise-review/,/tools/transferwise-review,content/tools/transferwise-review.mdx,
343,businesstool,Webnode Review,https://idealonlinebusiness.com/webnode-review/,/tools/webnode-review,content/tools/webnode-review.mdx,
345,businesstool,Ucraft Review,https://idealonlinebusiness.com/ucraft-review/,/tools/ucraft-review,content/tools/ucraft-review.mdx,
347,businesstool,FastestVPN Review,https://idealonlinebusiness.com/fastestvpn-review/,/tools/fastestvpn-review,content/tools/fastestvpn-review.mdx,
349,businesstool,VPN Ac Review,https://idealonlinebusiness.com/vpn-ac-review/,/tools/vpn-ac-review,content/tools/vpn-ac-review.mdx,
351,businesstool,TemplateMonster Review,https://idealonlinebusiness.com/templatemonster-review/,/tools/templatemonster-review,content/tools/templatemonster-review.mdx,
353,businesstool,PureVPN Review,https://idealonlinebusiness.com/purevpn-review/,/tools/purevpn-review,content/tools/purevpn-review.mdx,
356,businesstool,Site123 Review,https://idealonlinebusiness.com/site123-review/,/tools/site123-review,content/tools/site123-review.mdx,
358,businesstool,Surfshark Review,https://idealonlinebusiness.com/surfshark-review/,/tools/surfshark-review,content/tools/surfshark-review.mdx,
359,businesstool,CSSIgniter Review,https://idealonlinebusiness.com/cssigniter-review/,/tools/cssigniter-review,content/tools/cssigniter-review.mdx,
363,businesstool,Ivacy VPN Review,https://idealonlinebusiness.com/ivacy-vpn-review/,/tools/ivacy-vpn-review,content/tools/ivacy-vpn-review.mdx,
365,businesstool,RocketLink Review,https://idealonlinebusiness.com/rocketlink-review/,/tools/rocketlink-review,content/tools/rocketlink-review.mdx,
367,businesstool,Stencil Review,https://idealonlinebusiness.com/stencil-review/,/tools/stencil-review,content/tools/stencil-review.mdx,
369,businesstool,Zubtitle Review,https://idealonlinebusiness.com/zubtitle-review/,/tools/zubtitle-review,content/tools/zubtitle-review.mdx,
373,businesstool,InVideo Review,https://idealonlinebusiness.com/invideo-review/,/tools/invideo-review,content/tools/invideo-review.mdx,
374,businesstool,Shift Review,https://idealonlinebusiness.com/shift-review/,/tools/shift-review,content/tools/shift-review.mdx,
378,businesstool,LessAccounting Review,https://idealonlinebusiness.com/lessaccounting-review/,/tools/lessaccounting-review,content/tools/lessaccounting-review.mdx,
380,businesstool,Time Doctor Review,https://idealonlinebusiness.com/time-doctor-review/,/tools/time-doctor-review,content/tools/time-doctor-review.mdx,
382,businesstool,Proxy Seller Review,https://idealonlinebusiness.com/proxy-seller-review/,/tools/proxy-seller-review,content/tools/proxy-seller-review.mdx,
383,businesstool,ExoClick Review,https://idealonlinebusiness.com/exoclick-review/,/tools/exoclick-review,content/tools/exoclick-review.mdx,
386,businesstool,HighProxies Review,https://idealonlinebusiness.com/highproxies-review/,/tools/highproxies-review,content/tools/highproxies-review.mdx,
387,businesstool,MailTag Review,https://idealonlinebusiness.com/mailtag-review/,/tools/mailtag-review,content/tools/mailtag-review.mdx,
391,businesstool,Infatica Review,https://idealonlinebusiness.com/infatica-review/,/tools/infatica-review,content/tools/infatica-review.mdx,
392,businesstool,Pabbly Review,https://idealonlinebusiness.com/pabbly-review/,/tools/pabbly-review,content/tools/pabbly-review.mdx,
396,businesstool,NullBox Review,https://idealonlinebusiness.com/nullbox-review/,/tools/nullbox-review,content/tools/nullbox-review.mdx,
398,businesstool,Woodpecker Review,https://idealonlinebusiness.com/woodpecker-review/,/tools/woodpecker-review,content/tools/woodpecker-review.mdx,
400,businesstool,DepositPhotos Review,https://idealonlinebusiness.com/depositphotos-review/,/tools/depositphotos-review,content/tools/depositphotos-review.mdx,
402,businesstool,Landingi Review,https://idealonlinebusiness.com/landingi-review/,/tools/landingi-review,content/tools/landingi-review.mdx,
405,businesstool,Crowdfire Review,https://idealonlinebusiness.com/crowdfire-review/,/tools/crowdfire-review,content/tools/crowdfire-review.mdx,
406,businesstool,SocialPilot Review,https://idealonlinebusiness.com/socialpilot-review/,/tools/socialpilot-review,content/tools/socialpilot-review.mdx,
410,businesstool,MeetEdgar Review,https://idealonlinebusiness.com/meetedgar-review/,/tools/meetedgar-review,content/tools/meetedgar-review.mdx,
414,businesstool,Social Searcher Review,https://idealonlinebusiness.com/social-searcher-review/,/tools/social-searcher-review,content/tools/social-searcher-review.mdx,
416,businesstool,DigiSigner Review,https://idealonlinebusiness.com/digisigner-review/,/tools/digisigner-review,content/tools/digisigner-review.mdx,
418,businesstool,Awario Review,https://idealonlinebusiness.com/awario-review/,/tools/awario-review,content/tools/awario-review.mdx,
419,businesstool,Wordable Review,https://idealonlinebusiness.com/wordable-review/,/tools/wordable-review,content/tools/wordable-review.mdx,
424,businesstool,LeadDyno Review,https://idealonlinebusiness.com/leaddyno-review/,/tools/leaddyno-review,content/tools/leaddyno-review.mdx,
426,businesstool,PromoRepublic Review,https://idealonlinebusiness.com/promorepublic-review/,/tools/promorepublic-review,content/tools/promorepublic-review.mdx,
427,businesstool,TravelPayouts Review,https://idealonlinebusiness.com/travelpayouts-review/,/tools/travelpayouts-review,content/tools/travelpayouts-review.mdx,
430,businesstool,TubeBuddy Review,https://idealonlinebusiness.com/tubebuddy-review/,/tools/tubebuddy-review,content/tools/tubebuddy-review.mdx,
432,businesstool,SerpStat Review,https://idealonlinebusiness.com/serpstat-review/,/tools/serpstat-review,content/tools/serpstat-review.mdx,
433,businesstool,Onestream Review,https://idealonlinebusiness.com/onestream-review/,/tools/onestream-review,content/tools/onestream-review.mdx,
437,businesstool,Zutrix Review,https://idealonlinebusiness.com/zutrix-review/,/tools/zutrix-review,content/tools/zutrix-review.mdx,
441,businesstool,Wishpond Review,https://idealonlinebusiness.com/wishpond-review/,/tools/wishpond-review,content/tools/wishpond-review.mdx,
443,businesstool,Seobility Review,https://idealonlinebusiness.com/seobility-review/,/tools/seobility-review,content/tools/seobility-review.mdx,
447,businesstool,HelloBonsai Review,https://idealonlinebusiness.com/hellobonsai-review/,/tools/hellobonsai-review,content/tools/hellobonsai-review.mdx,
448,businesstool,Gist Review,https://idealonlinebusiness.com/gist-review/,/tools/gist-review,content/tools/gist-review.mdx,
452,businesstool,Help Scout Review,https://idealonlinebusiness.com/help-scout-review/,/tools/help-scout-review,content/tools/help-scout-review.mdx,
454,businesstool,Fiverr Review,https://idealonlinebusiness.com/fiverr-review/,/tools/fiverr-review,content/tools/fiverr-review.mdx,
456,businesstool,TextMagic Review,https://idealonlinebusiness.com/textmagic-review/,/tools/textmagic-review,content/tools/textmagic-review.mdx,
467,businesstool,Kikoff Review,https://idealonlinebusiness.com/kikoff-review/,/tools/kikoff-review,content/tools/kikoff-review.mdx,
469,businesstool,WebShare Review,https://idealonlinebusiness.com/webshare-review/,/tools/webshare-review,content/tools/webshare-review.mdx,
471,businesstool,SentryPC Review,https://idealonlinebusiness.com/sentrypc-review/,/tools/sentrypc-review,content/tools/sentrypc-review.mdx,
472,businesstool,HubSpot Review,https://idealonlinebusiness.com/hubspot-review/,/tools/hubspot-review,content/tools/hubspot-review.mdx,
476,businesstool,PDF Expert Review,https://idealonlinebusiness.com/pdf-expert-review/,/tools/pdf-expert-review,content/tools/pdf-expert-review.mdx,
477,businesstool,Helium 10 Review,https://idealonlinebusiness.com/helium-10-review/,/tools/helium-10-review,content/tools/helium-10-review.mdx,
480,businesstool,Motion Elements Review,https://idealonlinebusiness.com/motion-elements-review/,/tools/motion-elements-review,content/tools/motion-elements-review.mdx,
481,businesstool,CorelDRAW Review,https://idealonlinebusiness.com/coreldraw-review/,/tools/coreldraw-review,content/tools/coreldraw-review.mdx,
485,businesstool,WeVideo Review,https://idealonlinebusiness.com/wevideo-review/,/tools/wevideo-review,content/tools/wevideo-review.mdx,
488,businesstool,Headway App Review,https://idealonlinebusiness.com/headway-app-review/,/tools/headway-app-review,content/tools/headway-app-review.mdx,
489,businesstool,Wincher Review,https://idealonlinebusiness.com/wincher-review/,/tools/wincher-review,content/tools/wincher-review.mdx,
490,businesstool,CapCut Review,https://idealonlinebusiness.com/capcut-review/,/tools/capcut-review,content/tools/capcut-review.mdx,
491,businesstool,DigitalOcean Review,https://idealonlinebusiness.com/digital-ocean-review/,/tools/digital-ocean-review,content/tools/digital-ocean-review.mdx,
496,businesstool,Zendrop Review,https://idealonlinebusiness.com/zendrop-review/,/tools/zendrop-review,content/tools/zendrop-review.mdx,
497,businesstool,Awesomic Review,https://idealonlinebusiness.com/awesomic-review/,/tools/awesomic-review,content/tools/awesomic-review.mdx,
498,businesstool,Vodien Review,https://idealonlinebusiness.com/vodien-review/,/tools/vodien-review,content/tools/vodien-review.mdx,
501,businesstool,MindManager Review,https://idealonlinebusiness.com/mindmanager-review/,/tools/mindmanager-review,content/tools/mindmanager-review.mdx,
504,businesstool,DocHub Review,https://idealonlinebusiness.com/dochub-review/,/tools/dochub-review,content/tools/dochub-review.mdx,
507,businesstool,Hide Me VPN Review,https://idealonlinebusiness.com/hide-me-vpn-review/,/tools/hide-me-vpn-review,content/tools/hide-me-vpn-review.mdx,
508,businesstool,SiteChecker Pro Review,https://idealonlinebusiness.com/sitechecker-pro-review/,/tools/sitechecker-pro-review,content/tools/sitechecker-pro-review.mdx,
509,businesstool,Lonely Planet Review,https://idealonlinebusiness.com/lonely-planet-review/,/tools/lonely-planet-review,content/tools/lonely-planet-review.mdx,
510,businesstool,Coohom Review,https://idealonlinebusiness.com/coohom-review/,/tools/coohom-review,content/tools/coohom-review.mdx,
515,businesstool,Homestyler Review,https://idealonlinebusiness.com/homestyler-review/,/tools/homestyler-review,content/tools/homestyler-review.mdx,
517,businesstool,InMotion Hosting Review,https://idealonlinebusiness.com/inmotion-hosting-review/,/tools/inmotion-hosting-review,content/tools/inmotion-hosting-review.mdx,
519,businesstool,EasyShip Review,https://idealonlinebusiness.com/easyship-review/,/tools/easyship-review,content/tools/easyship-review.mdx,
521,businesstool,RenderForest Review,https://idealonlinebusiness.com/renderforest-review/,/tools/renderforest-review,content/tools/renderforest-review.mdx,
524,businesstool,GetSmarter Review,https://idealonlinebusiness.com/getsmarter-review/,/tools/getsmarter-review,content/tools/getsmarter-review.mdx,
526,businesstool,ClickFunnels Review,https://idealonlinebusiness.com/clickfunnels-review/,/tools/clickfunnels-review,content/tools/clickfunnels-review.mdx,
528,businesstool,Writesonic Review,https://idealonlinebusiness.com/writesonic-review/,/tools/writesonic-review,content/tools/writesonic-review.mdx,
530,businesstool,Jackery Review,https://idealonlinebusiness.com/jackery-review/,/tools/jackery-review,content/tools/jackery-review.mdx,
531,businesstool,Nexcess Review,https://idealonlinebusiness.com/nexcess-review/,/tools/nexcess-review,content/tools/nexcess-review.mdx,
532,businesstool,Miro Review,https://idealonlinebusiness.com/miro-review/,/tools/miro-review,content/tools/miro-review.mdx,
533,businesstool,Apollo.io Review,https://idealonlinebusiness.com/apollo-review/,/tools/apollo-review,content/tools/apollo-review.mdx,
534,businesstool,SignWell Review,https://idealonlinebusiness.com/signwell-review/,/tools/signwell-review,content/tools/signwell-review.mdx,
536,businesstool,IPRoyal Review,https://idealonlinebusiness.com/iproyal-review/,/tools/iproyal-review,content/tools/iproyal-review.mdx,
538,businesstool,STEL Order Review,https://idealonlinebusiness.com/stel-order-review/,/tools/stel-order-review,content/tools/stel-order-review.mdx,
541,businesstool,StreamYard Review,https://idealonlinebusiness.com/streamyard-review/,/tools/streamyard-review,content/tools/streamyard-review.mdx,
542,businesstool,Phrasly AI Overview,https://idealonlinebusiness.com/phrasly-ai-review/,/tools/phrasly-ai-review,content/tools/phrasly-ai-review.mdx,
544,businesstool,Smart DNS Proxy Overview,https://idealonlinebusiness.com/smart-dns-proxy-review/,/tools/smart-dns-proxy-review,content/tools/smart-dns-proxy-review.mdx,
549,businesstool,Fliki AI Review,https://idealonlinebusiness.com/fliki-ai-review/,/tools/fliki-ai-review,content/tools/fliki-ai-review.mdx,
550,businesstool,Octoparse Overview,https://idealonlinebusiness.com/octoparse-review/,/tools/octoparse-review,content/tools/octoparse-review.mdx,
552,businesstool,SendX Review,https://idealonlinebusiness.com/sendx-review/,/tools/sendx-review,content/tools/sendx-review.mdx,
557,businesstool,Topaz Labs Review,https://idealonlinebusiness.com/topaz-labs-review/,/tools/topaz-labs-review,content/tools/topaz-labs-review.mdx,
558,businesstool,Wondershare Review,https://idealonlinebusiness.com/wondershare-review/,/tools/wondershare-review,content/tools/wondershare-review.mdx,
559,businesstool,PDFfiller Review,https://idealonlinebusiness.com/pdffiller-review/,/tools/pdffiller-review,content/tools/pdffiller-review.mdx,
566,businesstool,Leadpages Review,https://idealonlinebusiness.com/leadpages-review/,/tools/leadpages-review,content/tools/leadpages-review.mdx,
569,businesstool,Zoho Review,https://idealonlinebusiness.com/zoho-review/,/tools/zoho-review,content/tools/zoho-review.mdx,
571,businesstool,Proxyscrape Review,https://idealonlinebusiness.com/proxyscrape-review/,/tools/proxyscrape-review,content/tools/proxyscrape-review.mdx,
574,businesstool,Captivate Review,https://idealonlinebusiness.com/captivate-review/,/tools/captivate-review,content/tools/captivate-review.mdx,
576,businesstool,SproutSocial Review,https://idealonlinebusiness.com/sproutsocial-review/,/tools/sproutsocial-review,content/tools/sproutsocial-review.mdx,
578,businesstool,Stardock Review,https://idealonlinebusiness.com/stardock-review/,/tools/stardock-review,content/tools/stardock-review.mdx,
580,businesstool,Slider Revolution Review,https://idealonlinebusiness.com/slider-revolution-review/,/tools/slider-revolution-review,content/tools/slider-revolution-review.mdx,
582,businesstool,Builderall Review,https://idealonlinebusiness.com/builderall-review/,/tools/builderall-review,content/tools/builderall-review.mdx,
584,businesstool,Debutify Review,https://idealonlinebusiness.com/debutify-review/,/tools/debutify-review,content/tools/debutify-review.mdx,
585,businesstool,AtlasVPN Review,https://idealonlinebusiness.com/atlasvpn-review/,/tools/atlasvpn-review,content/tools/atlasvpn-review.mdx,
587,businesstool,MemberPress Review,https://idealonlinebusiness.com/memberpress-review/,/tools/memberpress-review,content/tools/memberpress-review.mdx,
588,businesstool,Kittl Review,https://idealonlinebusiness.com/kittl-review/,/tools/kittl-review,content/tools/kittl-review.mdx,
594,businesstool,Skillshare Review,https://idealonlinebusiness.com/skillshare-review/,/tools/skillshare-review,content/tools/skillshare-review.mdx,
595,businesstool,Signnow Review,https://idealonlinebusiness.com/signnow-review/,/tools/signnow-review,content/tools/signnow-review.mdx,
596,businesstool,Hostinger Review,https://idealonlinebusiness.com/hostinger-review/,/tools/hostinger-review,content/tools/hostinger-review.mdx,
597,businesstool,Dreamstime Review,https://idealonlinebusiness.com/dreamstime-review/,/tools/dreamstime-review,content/tools/dreamstime-review.mdx,
700,businesstool,Reportei Review,https://idealonlinebusiness.com/reportei-review/,/tools/reportei-review,content/tools/reportei-review.mdx,
702,businesstool,Videogen Review,https://idealonlinebusiness.com/videogen-review/,/tools/videogen-review,content/tools/videogen-review.mdx,
703,businesstool,Pipedream Review,https://idealonlinebusiness.com/pipedream-review/,/tools/pipedream-review,content/tools/pipedream-review.mdx,
707,businesstool,Deel Review,https://idealonlinebusiness.com/deel-review/,/tools/deel-review,content/tools/deel-review.mdx,
709,businesstool,Dropified Review,https://idealonlinebusiness.com/dropified-review/,/tools/dropified-review,content/tools/dropified-review.mdx,
711,businesstool,Pixelbin Review,https://idealonlinebusiness.com/pixelbin-review/,/tools/pixelbin-review,content/tools/pixelbin-review.mdx,
712,businesstool,Tutor LMS Review,https://idealonlinebusiness.com/tutor-lms-review/,/tools/tutor-lms-review,content/tools/tutor-lms-review.mdx,
713,businesstool,AccuWeb Hosting Overview,https://idealonlinebusiness.com/accuweb-hosting-review/,/tools/accuweb-hosting-review,content/tools/accuweb-hosting-review.mdx,
714,businesstool,Elfsight Review,https://idealonlinebusiness.com/elfsight-review/,/tools/elfsight-review,content/tools/elfsight-review.mdx,
719,businesstool,Taskade Overview,https://idealonlinebusiness.com/taskade-review/,/tools/taskade-review,content/tools/taskade-review.mdx,
721,businesstool,Duet Display Review,https://idealonlinebusiness.com/duet-display-review/,/tools/duet-display-review,content/tools/duet-display-review.mdx,
722,businesstool,Splashtop Review,https://idealonlinebusiness.com/splashtop-review/,/tools/splashtop-review,content/tools/splashtop-review.mdx,
725,businesstool,Gumroad Review,https://idealonlinebusiness.com/gumroad-review/,/tools/gumroad-review,content/tools/gumroad-review.mdx,
728,businesstool,ThriveCart Review,https://idealonlinebusiness.com/thrivecart-review/,/tools/thrivecart-review,content/tools/thrivecart-review.mdx,
731,businesstool,"TikTok Login, App Access, and Pricing",https://idealonlinebusiness.com/tiktok-review/,/tools/tiktok-review,content/tools/tiktok-review.mdx,
733,businesstool,Coolway USA Review,https://idealonlinebusiness.com/coolway-usa-review/,/tools/coolway-usa-review,content/tools/coolway-usa-review.mdx,
735,businesstool,Proxy6 Review,https://idealonlinebusiness.com/proxy6-review/,/tools/proxy6-review,content/tools/proxy6-review.mdx,
743,businesstool,Decodeage Review,https://idealonlinebusiness.com/decodeage-review/,/tools/decodeage-review,content/tools/decodeage-review.mdx,
745,businesstool,1st Formations Review,https://idealonlinebusiness.com/1st-formations-review/,/tools/1st-formations-review,content/tools/1st-formations-review.mdx,
747,businesstool,DesignFiles Review,https://idealonlinebusiness.com/designfiles-review/,/tools/designfiles-review,content/tools/designfiles-review.mdx,
749,businesstool,Gravastar Review,https://idealonlinebusiness.com/gravastar-review/,/tools/gravastar-review,content/tools/gravastar-review.mdx,
750,businesstool,Global Healing Review,https://idealonlinebusiness.com/global-healing-review/,/tools/global-healing-review,content/tools/global-healing-review.mdx,
751,businesstool,Coofandy Review,https://idealonlinebusiness.com/coofandy-review/,/tools/coofandy-review,content/tools/coofandy-review.mdx,
752,businesstool,Dialpad Review,https://idealonlinebusiness.com/dialpad-review/,/tools/dialpad-review,content/tools/dialpad-review.mdx,
757,businesstool,WinZip Review,https://idealonlinebusiness.com/winzip-review/,/tools/winzip-review,content/tools/winzip-review.mdx,
758,businesstool,Snapmaker Review,https://idealonlinebusiness.com/snapmaker-review/,/tools/snapmaker-review,content/tools/snapmaker-review.mdx,
759,businesstool,Landbot Review,https://idealonlinebusiness.com/landbot-review/,/tools/landbot-review,content/tools/landbot-review.mdx,
762,businesstool,Ringconn Review,https://idealonlinebusiness.com/ringconn-review/,/tools/ringconn-review,content/tools/ringconn-review.mdx,
763,businesstool,Filterbuy Review,https://idealonlinebusiness.com/filterbuy-review/,/tools/filterbuy-review,content/tools/filterbuy-review.mdx,
766,businesstool,Babeside Review,https://idealonlinebusiness.com/babeside-review/,/tools/babeside-review,content/tools/babeside-review.mdx,
768,businesstool,Vivosun Review,https://idealonlinebusiness.com/vivosun-review/,/tools/vivosun-review,content/tools/vivosun-review.mdx,
773,businesstool,Cookieyes Review,https://idealonlinebusiness.com/cookieyes-review/,/tools/cookieyes-review,content/tools/cookieyes-review.mdx,
775,businesstool,SurveySparrow Review,https://idealonlinebusiness.com/surveysparrow-review/,/tools/surveysparrow-review,content/tools/surveysparrow-review.mdx,
776,businesstool,Decodo Review,https://idealonlinebusiness.com/decodo-review/,/tools/decodo-review,content/tools/decodo-review.mdx,
779,businesstool,WeCreat Review,https://idealonlinebusiness.com/wecreat-review/,/tools/wecreat-review,content/tools/wecreat-review.mdx,
780,businesstool,Gravity Forms Review,https://idealonlinebusiness.com/gravity-forms-review/,/tools/gravity-forms-review,content/tools/gravity-forms-review.mdx,
781,businesstool,Uperfect Review,https://idealonlinebusiness.com/uperfect-review/,/tools/uperfect-review,content/tools/uperfect-review.mdx,
783,businesstool,Zencastr Review,https://idealonlinebusiness.com/zencastr-review/,/tools/zencastr-review,content/tools/zencastr-review.mdx,
787,businesstool,Tenable Review,https://idealonlinebusiness.com/tenable-review/,/tools/tenable-review,content/tools/tenable-review.mdx,
788,businesstool,Ownr Review,https://idealonlinebusiness.com/ownr-review/,/tools/ownr-review,content/tools/ownr-review.mdx,
790,businesstool,Similarweb Review,https://idealonlinebusiness.com/similarweb-review/,/tools/similarweb-review,content/tools/similarweb-review.mdx,
793,businesstool,NETdepot Review,https://idealonlinebusiness.com/netdepot-review/,/tools/netdepot-review,content/tools/netdepot-review.mdx,
795,businesstool,Cognism Review,https://idealonlinebusiness.com/cognism-review/,/tools/cognism-review,content/tools/cognism-review.mdx,
797,businesstool,Adspower Review,https://idealonlinebusiness.com/adspower-review/,/tools/adspower-review,content/tools/adspower-review.mdx,
803,businesstool,Freshchat Review,https://idealonlinebusiness.com/freshchat-review/,/tools/freshchat-review,content/tools/freshchat-review.mdx,
805,businesstool,Flippa Review,https://idealonlinebusiness.com/flippa-review/,/tools/flippa-review,content/tools/flippa-review.mdx,
808,businesstool,Airalo Review,https://idealonlinebusiness.com/airalo-review/,/tools/airalo-review,content/tools/airalo-review.mdx,
815,businesstool,GetYourGuide Review,https://idealonlinebusiness.com/get-your-guide-review/,/tools/get-your-guide-review,content/tools/get-your-guide-review.mdx,
817,businesstool,Doba Review,https://idealonlinebusiness.com/doba-review/,/tools/doba-review,content/tools/doba-review.mdx,
829,businesstool,SpocKet Review,https://idealonlinebusiness.com/spocket-review/,/tools/spocket-review,content/tools/spocket-review.mdx,
832,businesstool,Merlin Review,https://idealonlinebusiness.com/merlin-review/,/tools/merlin-review,content/tools/merlin-review.mdx,
834,businesstool,Take App Review,https://idealonlinebusiness.com/take-app-review/,/tools/take-app-review,content/tools/take-app-review.mdx,
838,businesstool,Seamless AI review,https://idealonlinebusiness.com/seamless-ai-review/,/tools/seamless-ai-review,content/tools/seamless-ai-review.mdx,
841,businesstool,AEJuice Review,https://idealonlinebusiness.com/aejuice-review/,/tools/aejuice-review,content/tools/aejuice-review.mdx,
842,businesstool,Chatbase Review,https://idealonlinebusiness.com/chatbase-review/,/tools/chatbase-review,content/tools/chatbase-review.mdx,
845,businesstool,BrainCert Review,https://idealonlinebusiness.com/braincert-review/,/tools/braincert-review,content/tools/braincert-review.mdx,
854,businesstool,Knack Review,https://idealonlinebusiness.com/knack-review/,/tools/knack-review,content/tools/knack-review.mdx,
856,businesstool,ZeroBounce Review,https://idealonlinebusiness.com/zerobounce-review/,/tools/zerobounce-review,content/tools/zerobounce-review.mdx,
858,businesstool,Trendspider Review,https://idealonlinebusiness.com/trendspider-review/,/tools/trendspider-review,content/tools/trendspider-review.mdx,
859,businesstool,Uxcel Review,https://idealonlinebusiness.com/uxcel-review/,/tools/uxcel-review,content/tools/uxcel-review.mdx,
862,businesstool,Nimbus Review,https://idealonlinebusiness.com/nimbus-review/,/tools/nimbus-review,content/tools/nimbus-review.mdx,
865,businesstool,Kinsta Review,https://idealonlinebusiness.com/kinsta-review-2/,/tools/kinsta-review-2,content/tools/kinsta-review-2.mdx,
866,businesstool,CXL Review,https://idealonlinebusiness.com/cxl-review/,/tools/cxl-review,content/tools/cxl-review.mdx,
868,businesstool,Rytr Review,https://idealonlinebusiness.com/rytr-review/,/tools/rytr-review,content/tools/rytr-review.mdx,
870,businesstool,Pond5 Review,https://idealonlinebusiness.com/pond5-review/,/tools/pond5-review,content/tools/pond5-review.mdx,
876,businesstool,Pipedrive Review,https://idealonlinebusiness.com/pipedrive-review/,/tools/pipedrive-review,content/tools/pipedrive-review.mdx,
877,businesstool,Pngtree Review,https://idealonlinebusiness.com/pngtree-review/,/tools/pngtree-review,content/tools/pngtree-review.mdx,
883,businesstool,Uplead Review,https://idealonlinebusiness.com/uplead-review/,/tools/uplead-review,content/tools/uplead-review.mdx,
884,businesstool,Engagebay Review,https://idealonlinebusiness.com/engagebay-review/,/tools/engagebay-review,content/tools/engagebay-review.mdx,
887,businesstool,Framer Review,https://idealonlinebusiness.com/framer-review/,/tools/framer-review,content/tools/framer-review.mdx,
889,businesstool,Expedia Review,https://idealonlinebusiness.com/expedia-review/,/tools/expedia-review,content/tools/expedia-review.mdx,
891,businesstool,Printful review,https://idealonlinebusiness.com/printful-review/,/tools/printful-review,content/tools/printful-review.mdx,
893,businesstool,Toggl track Review,https://idealonlinebusiness.com/toggl-track-review/,/tools/toggl-track-review,content/tools/toggl-track-review.mdx,
895,businesstool,Apex Hosting Review,https://idealonlinebusiness.com/apex-hosting-review/,/tools/apex-hosting-review,content/tools/apex-hosting-review.mdx,
898,businesstool,Torguard Review,https://idealonlinebusiness.com/torguard-review/,/tools/torguard-review,content/tools/torguard-review.mdx,
1020,businesstool,BookBolt Review,https://idealonlinebusiness.com/bookbolt-review/,/tools/bookbolt-review,content/tools/bookbolt-review.mdx,
1021,businesstool,GoHighLevel Review,https://idealonlinebusiness.com/gohighlevel-review/,/tools/gohighlevel-review,content/tools/gohighlevel-review.mdx,
1032,businesstool,Callrail Review,https://idealonlinebusiness.com/callrail-review/,/tools/callrail-review,content/tools/callrail-review.mdx,
1039,businesstool,Eleven Labs Review,https://idealonlinebusiness.com/eleven-labs-review/,/tools/eleven-labs-review,content/tools/eleven-labs-review.mdx,
1049,businesstool,365 data science Review,https://idealonlinebusiness.com/365-data-science-review/,/tools/365-data-science-review,content/tools/365-data-science-review.mdx,
1072,businesstool,Smartlead Review,https://idealonlinebusiness.com/smartlead-review/,/tools/smartlead-review,content/tools/smartlead-review.mdx,
1120,businesstool,icontact Review,https://idealonlinebusiness.com/icontact-review/,/tools/icontact-review,content/tools/icontact-review.mdx,
1121,businesstool,1password Review,https://idealonlinebusiness.com/1password-review/,/tools/1password-review,content/tools/1password-review.mdx,
1122,businesstool,Birch Review,https://idealonlinebusiness.com/birch-review/,/tools/birch-review,content/tools/birch-review.mdx,
1126,businesstool,Campaigner Review,https://idealonlinebusiness.com/campaigner-review/,/tools/campaigner-review,content/tools/campaigner-review.mdx,
1129,businesstool,Fastmail Review,https://idealonlinebusiness.com/fastmail-review/,/tools/fastmail-review,content/tools/fastmail-review.mdx,
1248,businesstool,Housecall Pro Review,https://idealonlinebusiness.com/housecall-pro-review/,/tools/housecall-pro-review,content/tools/housecall-pro-review.mdx,
1251,businesstool,Later Review,https://idealonlinebusiness.com/later-review/,/tools/later-review,content/tools/later-review.mdx,
1252,businesstool,Looka Review,https://idealonlinebusiness.com/looka-review/,/tools/looka-review,content/tools/looka-review.mdx,
1253,businesstool,Murf AI Review,https://idealonlinebusiness.com/murf-ai-review/,/tools/murf-ai-review,content/tools/murf-ai-review.mdx,
1258,businesstool,OpenPhone Review,https://idealonlinebusiness.com/openphone-review/,/tools/openphone-review,content/tools/openphone-review.mdx,
1274,businesstool,Invidio Review,https://idealonlinebusiness.com/invidio-review/,/tools/invidio-review,content/tools/invidio-review.mdx,
1283,businesstool,SocialBee Review,https://idealonlinebusiness.com/socialbee-review/,/tools/socialbee-review,content/tools/socialbee-review.mdx,
1285,businesstool,Surfer SEO Review,https://idealonlinebusiness.com/surfer-seo-review/,/tools/surfer-seo-review,content/tools/surfer-seo-review.mdx,
1293,businesstool,Freshdesk Review,https://idealonlinebusiness.com/freshdesk-review/,/tools/freshdesk-review,content/tools/freshdesk-review.mdx,
1294,businesstool,AI/ML Api Review,https://idealonlinebusiness.com/ai-ml-api-review/,/tools/ai-ml-api-review,content/tools/ai-ml-api-review.mdx,
1295,businesstool,Hemingway Review,https://idealonlinebusiness.com/hemingway-review/,/tools/hemingway-review,content/tools/hemingway-review.mdx,
1297,businesstool,Webflow Review,https://idealonlinebusiness.com/webflow-review/,/tools/webflow-review,content/tools/webflow-review.mdx,
1298,businesstool,HighLevel Review,https://idealonlinebusiness.com/highlevel-review/,/tools/highlevel-review,content/tools/highlevel-review.mdx,
1301,businesstool,UNbounce Review,https://idealonlinebusiness.com/unbounce-review/,/tools/unbounce-review,content/tools/unbounce-review.mdx,
1307,businesstool,Practice Better Review,https://idealonlinebusiness.com/practice-better-review/,/tools/practice-better-review,content/tools/practice-better-review.mdx,
1383,businesstool,SMTP Review,https://idealonlinebusiness.com/smtp-review/,/tools/smtp-review,content/tools/smtp-review.mdx,
1386,businesstool,Respond IO review,https://idealonlinebusiness.com/respond-io-review/,/tools/respond-io-review,content/tools/respond-io-review.mdx,
1398,businesstool,Sendcloud Review,https://idealonlinebusiness.com/sendcloud-review/,/tools/sendcloud-review,content/tools/sendcloud-review.mdx,
1400,businesstool,SimplePractice Review,https://idealonlinebusiness.com/simplepractice-review/,/tools/simplepractice-review,content/tools/simplepractice-review.mdx,
1447,businesstool,Cake.com Review,https://idealonlinebusiness.com/cake-com-review/,/tools/cake-com-review,content/tools/cake-com-review.mdx,
1450,businesstool,GetResponse Review :,https://idealonlinebusiness.com/getresponse-review/,/tools/getresponse-review,content/tools/getresponse-review.mdx,
1452,businesstool,Lightinthebox Review,https://idealonlinebusiness.com/lightinthebox-review/,/tools/lightinthebox-review,content/tools/lightinthebox-review.mdx,
1857,businesstool,Thrive Themes Review,https://idealonlinebusiness.com/thrive-themes-review/,/tools/thrive-themes-review,content/tools/thrive-themes-review.mdx,
1859,businesstool,Lalal Review,https://idealonlinebusiness.com/lalal-review/,/tools/lalal-review,content/tools/lalal-review.mdx,
1861,businesstool,Playht Review,https://idealonlinebusiness.com/playht-review/,/tools/playht-review,content/tools/playht-review.mdx,
1864,businesstool,Klap Review,https://idealonlinebusiness.com/klap-review/,/tools/klap-review,content/tools/klap-review.mdx,
1866,businesstool,Scalahosting Review,https://idealonlinebusiness.com/scalahosting-review/,/tools/scalahosting-review,content/tools/scalahosting-review.mdx,
1868,businesstool,LearnWorlds Review,https://idealonlinebusiness.com/learnworlds-review/,/tools/learnworlds-review,content/tools/learnworlds-review.mdx,
1871,businesstool,Fine Proxy Review,https://idealonlinebusiness.com/fine-proxy-review/,/tools/fine-proxy-review,content/tools/fine-proxy-review.mdx,
1873,businesstool,Onepage Review,https://idealonlinebusiness.com/onepage-review/,/tools/onepage-review,content/tools/onepage-review.mdx,
1876,businesstool,Paperpal Review,https://idealonlinebusiness.com/paperpal-review/,/tools/paperpal-review,content/tools/paperpal-review.mdx,
1878,businesstool,InfluenCity Review,https://idealonlinebusiness.com/influencity-review/,/tools/influencity-review,content/tools/influencity-review.mdx,
1883,businesstool,Neuronwrite Review,https://idealonlinebusiness.com/neuronwrite-review/,/tools/neuronwrite-review,content/tools/neuronwrite-review.mdx,
1885,businesstool,TrueCoach Review,https://idealonlinebusiness.com/truecoach-review/,/tools/truecoach-review,content/tools/truecoach-review.mdx,
1886,businesstool,Hunter.io Review,https://idealonlinebusiness.com/hunter-io-review/,/tools/hunter-io-review,content/tools/hunter-io-review.mdx,
1889,businesstool,Mimir Review,https://idealonlinebusiness.com/mimir-review/,/tools/mimir-review,content/tools/mimir-review.mdx,
1893,businesstool,Jumpseller Review,https://idealonlinebusiness.com/jumpseller-review/,/tools/jumpseller-review,content/tools/jumpseller-review.mdx,
1895,businesstool,FineShare Review,https://idealonlinebusiness.com/fineshare-review/,/tools/fineshare-review,content/tools/fineshare-review.mdx,
1899,businesstool,Localo Review,https://idealonlinebusiness.com/localo-review/,/tools/localo-review,content/tools/localo-review.mdx,
1902,businesstool,Nix Sensor Review,https://idealonlinebusiness.com/nix-sensor-review/,/tools/nix-sensor-review,content/tools/nix-sensor-review.mdx,
1903,businesstool,Tapfiliate Review,https://idealonlinebusiness.com/tapfiliate-review/,/tools/tapfiliate-review,content/tools/tapfiliate-review.mdx,
1907,businesstool,Seed4.Me Review,https://idealonlinebusiness.com/seed4-me-review/,/tools/seed4-me-review,content/tools/seed4-me-review.mdx,
1911,businesstool,Sendible Review,https://idealonlinebusiness.com/sendible-review/,/tools/sendible-review,content/tools/sendible-review.mdx,
1914,businesstool,2Captcha Review,https://idealonlinebusiness.com/2captcha-review/,/tools/2captcha-review,content/tools/2captcha-review.mdx,
1918,businesstool,MailerCheck Review,https://idealonlinebusiness.com/mailercheck-review/,/tools/mailercheck-review,content/tools/mailercheck-review.mdx,
1922,businesstool,The Adventure Challenge Review,https://idealonlinebusiness.com/the-adventure-challenge-review/,/tools/the-adventure-challenge-review,content/tools/the-adventure-challenge-review.mdx,
1925,businesstool,Flick Review,https://idealonlinebusiness.com/flick-review/,/tools/flick-review,content/tools/flick-review.mdx,
1928,businesstool,Themify Review,https://idealonlinebusiness.com/themify-review/,/tools/themify-review,content/tools/themify-review.mdx,
1931,businesstool,Amiro Review,https://idealonlinebusiness.com/amiro-review/,/tools/amiro-review,content/tools/amiro-review.mdx,
1933,businesstool,eu.fossibot Review,https://idealonlinebusiness.com/eu-fossibot-review/,/tools/eu-fossibot-review,content/tools/eu-fossibot-review.mdx,
1936,businesstool,Carwow Review,https://idealonlinebusiness.com/carwow-review/,/tools/carwow-review,content/tools/carwow-review.mdx,
1939,businesstool,Vultr Review,https://idealonlinebusiness.com/vultr-review/,/tools/vultr-review,content/tools/vultr-review.mdx,
1941,businesstool,Riverside Review,https://idealonlinebusiness.com/riverside-review/,/tools/riverside-review,content/tools/riverside-review.mdx,
1943,businesstool,Lasso Review,https://idealonlinebusiness.com/lasso-review/,/tools/lasso-review,content/tools/lasso-review.mdx,
1945,businesstool,Beautiful AI Review,https://idealonlinebusiness.com/beautiful-ai-review/,/tools/beautiful-ai-review,content/tools/beautiful-ai-review.mdx,
1950,businesstool,Paymo Review,https://idealonlinebusiness.com/paymo-review/,/tools/paymo-review,content/tools/paymo-review.mdx,
1953,businesstool,Kyssbag Review,https://idealonlinebusiness.com/kyssbag-review/,/tools/kyssbag-review,content/tools/kyssbag-review.mdx,
1957,businesstool,Prospero Review,https://idealonlinebusiness.com/prospero-review/,/tools/prospero-review,content/tools/prospero-review.mdx,
1963,businesstool,DistroKid Review,https://idealonlinebusiness.com/distrokid-review/,/tools/distrokid-review,content/tools/distrokid-review.mdx,
1971,businesstool,Podbean Review,https://idealonlinebusiness.com/podbean-review/,/tools/podbean-review,content/tools/podbean-review.mdx,
1975,businesstool,Carrd Review,https://idealonlinebusiness.com/carrd-review/,/tools/carrd-review,content/tools/carrd-review.mdx,
1979,businesstool,CogniFit Review,https://idealonlinebusiness.com/cognifit-review/,/tools/cognifit-review,content/tools/cognifit-review.mdx,
1980,businesstool,AutoDS Review,https://idealonlinebusiness.com/autods-review/,/tools/autods-review,content/tools/autods-review.mdx,
1987,businesstool,Mubert Review,https://idealonlinebusiness.com/mubert-review/,/tools/mubert-review,content/tools/mubert-review.mdx,
1990,businesstool,Dolphin Anty Review,https://idealonlinebusiness.com/dolphin-anty-review/,/tools/dolphin-anty-review,content/tools/dolphin-anty-review.mdx,
1992,businesstool,Creatify Review,https://idealonlinebusiness.com/creatify-review/,/tools/creatify-review,content/tools/creatify-review.mdx,
1994,businesstool,Flowlu Review,https://idealonlinebusiness.com/flowlu-review/,/tools/flowlu-review,content/tools/flowlu-review.mdx,
1996,businesstool,PopCash Review,https://idealonlinebusiness.com/popcash-review/,/tools/popcash-review,content/tools/popcash-review.mdx,
2048,businesstool,Bookeo Review,https://idealonlinebusiness.com/bookeo-review/,/tools/bookeo-review,content/tools/bookeo-review.mdx,
2049,businesstool,Animoto Review,https://idealonlinebusiness.com/animoto-review/,/tools/animoto-review,content/tools/animoto-review.mdx,
2133,businesstool,Penji Review,https://idealonlinebusiness.com/penji-review/,/tools/penji-review,content/tools/penji-review.mdx,
2301,businesstool,Aitable.ai Review,https://idealonlinebusiness.com/aitable-ai-review/,/tools/aitable-ai-review,content/tools/aitable-ai-review.mdx,
2324,businesstool,Surepayroll Review,https://idealonlinebusiness.com/surepayroll-review/,/tools/surepayroll-review,content/tools/surepayroll-review.mdx,
2373,businesstool,Acast Review,https://idealonlinebusiness.com/acast-review/,/tools/acast-review,content/tools/acast-review.mdx,
2375,businesstool,AdCreative AI Review,https://idealonlinebusiness.com/adcreative-ai-review/,/tools/adcreative-ai-review,content/tools/adcreative-ai-review.mdx,
2391,businesstool,Castos Review,https://idealonlinebusiness.com/castos-review/,/tools/castos-review,content/tools/castos-review.mdx,
2397,businesstool,AllImages AI Review,https://idealonlinebusiness.com/allimages-ai-review/,/tools/allimages-ai-review,content/tools/allimages-ai-review.mdx,
2410,businesstool,Boast Io Review,https://idealonlinebusiness.com/boast-io-review/,/tools/boast-io-review,content/tools/boast-io-review.mdx,
2416,businesstool,DesignPickle Review,https://idealonlinebusiness.com/designpickle-review/,/tools/designpickle-review,content/tools/designpickle-review.mdx,
2420,businesstool,Adalo Review,https://idealonlinebusiness.com/adalo-review/,/tools/adalo-review,content/tools/adalo-review.mdx,
2421,businesstool,Adcombo Review,https://idealonlinebusiness.com/adcombo-review/,/tools/adcombo-review,content/tools/adcombo-review.mdx,
2422,businesstool,AdGuard VPN Review,https://idealonlinebusiness.com/adguard-vpn-review/,/tools/adguard-vpn-review,content/tools/adguard-vpn-review.mdx,
2424,businesstool,aiPDF Review,https://idealonlinebusiness.com/aipdf-review/,/tools/aipdf-review,content/tools/aipdf-review.mdx,
2425,businesstool,Alison Review,https://idealonlinebusiness.com/alison-review/,/tools/alison-review,content/tools/alison-review.mdx,
2426,businesstool,AmEnglish Review,https://idealonlinebusiness.com/amenglish-review/,/tools/amenglish-review,content/tools/amenglish-review.mdx,
2427,businesstool,Anchor Review,https://idealonlinebusiness.com/anchor-review/,/tools/anchor-review,content/tools/anchor-review.mdx,
2428,businesstool,Any.do Review,https://idealonlinebusiness.com/any-do-review/,/tools/any-do-review,content/tools/any-do-review.mdx,
2429,businesstool,Arise Apparel Review,https://idealonlinebusiness.com/arise-apparel-review/,/tools/arise-apparel-review,content/tools/arise-apparel-review.mdx,
2430,businesstool,Ausha Review,https://idealonlinebusiness.com/ausha-review/,/tools/ausha-review,content/tools/ausha-review.mdx,
2431,businesstool,Blogify Review,https://idealonlinebusiness.com/blogify-review/,/tools/blogify-review,content/tools/blogify-review.mdx,
2432,businesstool,Blueshift Review,https://idealonlinebusiness.com/blueshift-review/,/tools/blueshift-review,content/tools/blueshift-review.mdx,
2433,businesstool,Botsify Review,https://idealonlinebusiness.com/botsify-review/,/tools/botsify-review,content/tools/botsify-review.mdx,
2435,businesstool,Browse AI Review,https://idealonlinebusiness.com/browse-ai-review/,/tools/browse-ai-review,content/tools/browse-ai-review.mdx,
2436,businesstool,Canopy Review,https://idealonlinebusiness.com/canopy-review/,/tools/canopy-review,content/tools/canopy-review.mdx,
2437,businesstool,Capsule CRM Review,https://idealonlinebusiness.com/capsule-crm-review/,/tools/capsule-crm-review,content/tools/capsule-crm-review.mdx,
2438,businesstool,Caspio Review,https://idealonlinebusiness.com/caspio-review/,/tools/caspio-review,content/tools/caspio-review.mdx,
2440,businesstool,ClickSend Review,https://idealonlinebusiness.com/clicksend-review/,/tools/clicksend-review,content/tools/clicksend-review.mdx,
2441,businesstool,Clipping Magic Review,https://idealonlinebusiness.com/clipping-magic-review/,/tools/clipping-magic-review,content/tools/clipping-magic-review.mdx,
2443,businesstool,Concord Review,https://idealonlinebusiness.com/concord-review/,/tools/concord-review,content/tools/concord-review.mdx,
2444,businesstool,Creately Review,https://idealonlinebusiness.com/creately-review/,/tools/creately-review,content/tools/creately-review.mdx,
2445,businesstool,Databox Review,https://idealonlinebusiness.com/databox-review/,/tools/databox-review,content/tools/databox-review.mdx,
2448,businesstool,Demio Review,https://idealonlinebusiness.com/demio-review/,/tools/demio-review,content/tools/demio-review.mdx,
2450,businesstool,EmailOctopus Review,https://idealonlinebusiness.com/emailoctopus-review/,/tools/emailoctopus-review,content/tools/emailoctopus-review.mdx,
2578,businesstool,DeskTime Review,https://idealonlinebusiness.com/desktime-review/,/tools/desktime-review,content/tools/desktime-review.mdx,
2584,businesstool,Durable Review,https://idealonlinebusiness.com/durable-review/,/tools/durable-review,content/tools/durable-review.mdx,
2585,businesstool,eDesk Review,https://idealonlinebusiness.com/edesk-review/,/tools/edesk-review,content/tools/edesk-review.mdx,
2596,businesstool,Edureka Review,https://idealonlinebusiness.com/edureka-review/,/tools/edureka-review,content/tools/edureka-review.mdx,
2602,businesstool,Ablefy Review,https://idealonlinebusiness.com/ablefy-review/,/tools/ablefy-review,content/tools/ablefy-review.mdx,
2608,businesstool,Entrupy Review,https://idealonlinebusiness.com/entrupy-review/,/tools/entrupy-review,content/tools/entrupy-review.mdx,
2614,businesstool,ezTexting Review,https://idealonlinebusiness.com/eztexting-review/,/tools/eztexting-review,content/tools/eztexting-review.mdx,
2620,businesstool,FastComet Review,https://idealonlinebusiness.com/fastcomet-review/,/tools/fastcomet-review,content/tools/fastcomet-review.mdx,
2626,businesstool,FCP Effects Review,https://idealonlinebusiness.com/fcp-effects-review/,/tools/fcp-effects-review,content/tools/fcp-effects-review.mdx,
2632,businesstool,Finviz Review,https://idealonlinebusiness.com/finviz-review/,/tools/finviz-review,content/tools/finviz-review.mdx,
2638,businesstool,Firstbase Review,https://idealonlinebusiness.com/firstbase-review/,/tools/firstbase-review,content/tools/firstbase-review.mdx,
2673,businesstool,Auvik Review,https://idealonlinebusiness.com/auvik-review/,/tools/auvik-review,content/tools/auvik-review.mdx,
2674,businesstool,ClickUp Review,https://idealonlinebusiness.com/clickup-review/,/tools/clickup-review,content/tools/clickup-review.mdx,
2675,businesstool,KrispCall Review,https://idealonlinebusiness.com/krispcall-review/,/tools/krispcall-review,content/tools/krispcall-review.mdx,
2676,businesstool,Dext Review,https://idealonlinebusiness.com/dext-review/,/tools/dext-review,content/tools/dext-review.mdx,
2677,businesstool,Brand24 Review,https://idealonlinebusiness.com/brand24-review/,/tools/brand24-review,content/tools/brand24-review.mdx,
2678,businesstool,Tax1099 Review,https://idealonlinebusiness.com/tax1099-review/,/tools/tax1099-review,content/tools/tax1099-review.mdx,
2679,businesstool,PipelinePro Review,https://idealonlinebusiness.com/pipelinepro-review/,/tools/pipelinepro-review,content/tools/pipelinepro-review.mdx,
2680,businesstool,Castmagic Review,https://idealonlinebusiness.com/castmagic-review/,/tools/castmagic-review,content/tools/castmagic-review.mdx,
2681,businesstool,PandaDoc Review,https://idealonlinebusiness.com/pandadoc-review/,/tools/pandadoc-review,content/tools/pandadoc-review.mdx,
2682,businesstool,Lusha Review,https://idealonlinebusiness.com/lusha-review/,/tools/lusha-review,content/tools/lusha-review.mdx,
2683,businesstool,Todoist Review,https://idealonlinebusiness.com/todoist-review/,/tools/todoist-review,content/tools/todoist-review.mdx,
2684,businesstool,Thinkific Review,https://idealonlinebusiness.com/thinkific-review/,/tools/thinkific-review,content/tools/thinkific-review.mdx,
2685,businesstool,Hotjar Review,https://idealonlinebusiness.com/hotjar-review/,/tools/hotjar-review,content/tools/hotjar-review.mdx,
2686,businesstool,Plesk Review,https://idealonlinebusiness.com/plesk-review/,/tools/plesk-review,content/tools/plesk-review.mdx,
2687,businesstool,Factors AI Review,https://idealonlinebusiness.com/factors-ai-review/,/tools/factors-ai-review,content/tools/factors-ai-review.mdx,
2688,businesstool,Close CRM Review,https://idealonlinebusiness.com/close-crm-review-2/,/tools/close-crm-review-2,content/tools/close-crm-review-2.mdx,
2689,businesstool,VWO Review,https://idealonlinebusiness.com/vwo-review-2/,/tools/vwo-review-2,content/tools/vwo-review-2.mdx,
2690,businesstool,Laxis AI Review,https://idealonlinebusiness.com/laxis-ai-review/,/tools/laxis-ai-review,content/tools/laxis-ai-review.mdx,
2691,businesstool,Manychat Review,https://idealonlinebusiness.com/manychat-review-2/,/tools/manychat-review-2,content/tools/manychat-review-2.mdx,
2692,businesstool,Botpress Review,https://idealonlinebusiness.com/botpress-review-2/,/tools/botpress-review-2,content/tools/botpress-review-2.mdx,
2693,businesstool,Reclaim AI Review,https://idealonlinebusiness.com/reclaim-ai-review-2/,/tools/reclaim-ai-review-2,content/tools/reclaim-ai-review-2.mdx,
2694,businesstool,Printify Review,https://idealonlinebusiness.com/printify-review-2/,/tools/printify-review-2,content/tools/printify-review-2.mdx,
2806,businesstool,Awesome Screenshot Review,https://idealonlinebusiness.com/awesome-screenshot-review/,/tools/awesome-screenshot-review,content/tools/awesome-screenshot-review.mdx,
2808,businesstool,Flywheel Review,https://idealonlinebusiness.com/flywheel-review/,/tools/flywheel-review,content/tools/flywheel-review.mdx,
2810,businesstool,Fozzy Review,https://idealonlinebusiness.com/fozzy-review/,/tools/fozzy-review,content/tools/fozzy-review.mdx,
2812,businesstool,Frase Review,https://idealonlinebusiness.com/frase-review/,/tools/frase-review,content/tools/frase-review.mdx,
2814,businesstool,Freightos Review,https://idealonlinebusiness.com/freightos-review/,/tools/freightos-review,content/tools/freightos-review.mdx,
2816,businesstool,Fusebox Review,https://idealonlinebusiness.com/fusebox-review/,/tools/fusebox-review,content/tools/fusebox-review.mdx,
2817,businesstool,Fyers Review,https://idealonlinebusiness.com/fyers-review/,/tools/fyers-review,content/tools/fyers-review.mdx,
2822,businesstool,Fyers NRI Review,https://idealonlinebusiness.com/fyers-nri-review/,/tools/fyers-nri-review,content/tools/fyers-nri-review.mdx,
2825,businesstool,Googiehost Review,https://idealonlinebusiness.com/googiehost-review/,/tools/googiehost-review,content/tools/googiehost-review.mdx,
2828,businesstool,Grammarly Review,https://idealonlinebusiness.com/grammarly-review/,/tools/grammarly-review,content/tools/grammarly-review.mdx,
2831,businesstool,Harmonizely Review,https://idealonlinebusiness.com/harmonizely-review/,/tools/harmonizely-review,content/tools/harmonizely-review.mdx,
2834,businesstool,HelpDesk Review,https://idealonlinebusiness.com/helpdesk-review/,/tools/helpdesk-review,content/tools/helpdesk-review.mdx,
2837,businesstool,Hiver Review,https://idealonlinebusiness.com/hiver-review/,/tools/hiver-review,content/tools/hiver-review.mdx,
2840,businesstool,Hostnet Review,https://idealonlinebusiness.com/hostnet-review/,/tools/hostnet-review,content/tools/hostnet-review.mdx,
2843,businesstool,Hypefury Review,https://idealonlinebusiness.com/hypefury-review/,/tools/hypefury-review,content/tools/hypefury-review.mdx,
2846,businesstool,Hyros Review,https://idealonlinebusiness.com/hyros-review/,/tools/hyros-review,content/tools/hyros-review.mdx,
2847,businesstool,IPBurger Review,https://idealonlinebusiness.com/ipburger-review/,/tools/ipburger-review,content/tools/ipburger-review.mdx,
2850,businesstool,Infomaniak Review,https://idealonlinebusiness.com/infomaniak-review/,/tools/infomaniak-review,content/tools/infomaniak-review.mdx,
2853,businesstool,Insightful Review,https://idealonlinebusiness.com/insightful-review/,/tools/insightful-review,content/tools/insightful-review.mdx,
2856,businesstool,Instapage Review,https://idealonlinebusiness.com/instapage-review/,/tools/instapage-review,content/tools/instapage-review.mdx,
2859,businesstool,ipapi Review,https://idealonlinebusiness.com/ipapi-review/,/tools/ipapi-review,content/tools/ipapi-review.mdx,
2862,businesstool,iSpring Review,https://idealonlinebusiness.com/ispring-review/,/tools/ispring-review,content/tools/ispring-review.mdx,
2863,businesstool,italki Review,https://idealonlinebusiness.com/italki-review/,/tools/italki-review,content/tools/italki-review.mdx,
2864,businesstool,JivoChat Review,https://idealonlinebusiness.com/jivochat-review/,/tools/jivochat-review,content/tools/jivochat-review.mdx,
2865,businesstool,JustFit Review,https://idealonlinebusiness.com/justfit-review/,/tools/justfit-review,content/tools/justfit-review.mdx,
2866,businesstool,Karbon Review,https://idealonlinebusiness.com/karbon-review/,/tools/karbon-review,content/tools/karbon-review.mdx,
2867,businesstool,Kaspr Review,https://idealonlinebusiness.com/kaspr-review/,/tools/kaspr-review,content/tools/kaspr-review.mdx,
2868,businesstool,Keap Review,https://idealonlinebusiness.com/keap-review/,/tools/keap-review,content/tools/keap-review.mdx,
2869,businesstool,Lenovo Review,https://idealonlinebusiness.com/lenovo-review/,/tools/lenovo-review,content/tools/lenovo-review.mdx,
2870,businesstool,Let's Enhance Review,https://idealonlinebusiness.com/lets-enhance-review/,/tools/lets-enhance-review,content/tools/lets-enhance-review.mdx,
2871,businesstool,LongShot AI Review,https://idealonlinebusiness.com/longshot-review/,/tools/longshot-review,content/tools/longshot-review.mdx,
2872,businesstool,Magai Review,https://idealonlinebusiness.com/magai-review/,/tools/magai-review,content/tools/magai-review.mdx,
2873,businesstool,Mangools Review,https://idealonlinebusiness.com/mangools-review/,/tools/mangools-review,content/tools/mangools-review.mdx,
2874,businesstool,MilesWeb Review,https://idealonlinebusiness.com/milesweb-review/,/tools/milesweb-review,content/tools/milesweb-review.mdx,
2875,businesstool,MobileMonkey Review,https://idealonlinebusiness.com/mobilemonkey-review/,/tools/mobilemonkey-review,content/tools/mobilemonkey-review.mdx,
2876,businesstool,MyAskAI Review,https://idealonlinebusiness.com/myaskai-review/,/tools/myaskai-review,content/tools/myaskai-review.mdx,
2877,businesstool,Name.com Review,https://idealonlinebusiness.com/name-com-review/,/tools/name-com-review,content/tools/name-com-review.mdx,
2878,businesstool,Network Solutions Review,https://idealonlinebusiness.com/network-solutions-review/,/tools/network-solutions-review,content/tools/network-solutions-review.mdx,
2879,businesstool,Newchic Review,https://idealonlinebusiness.com/newchic-review/,/tools/newchic-review,content/tools/newchic-review.mdx,
2880,businesstool,Nightwatch Review,https://idealonlinebusiness.com/nightwatch-review/,/tools/nightwatch-review,content/tools/nightwatch-review.mdx,
2881,businesstool,NordVPN Review,https://idealonlinebusiness.com/nordvpn-review/,/tools/nordvpn-review,content/tools/nordvpn-review.mdx,
2882,businesstool,One Click Root Review,https://idealonlinebusiness.com/one-click-root-review/,/tools/one-click-root-review,content/tools/one-click-root-review.mdx,
2883,businesstool,OneUp Review,https://idealonlinebusiness.com/oneup-review/,/tools/oneup-review,content/tools/oneup-review.mdx,
2884,businesstool,Ora Review,https://idealonlinebusiness.com/ora-review/,/tools/ora-review,content/tools/ora-review.mdx,
2885,businesstool,Pagemaker Review,https://idealonlinebusiness.com/pagemaker-review/,/tools/pagemaker-review,content/tools/pagemaker-review.mdx,
2886,businesstool,Palette Review,https://idealonlinebusiness.com/palette-review/,/tools/palette-review,content/tools/palette-review.mdx,
2887,businesstool,PandaVPN Review,https://idealonlinebusiness.com/panda-vpn-review/,/tools/panda-vpn-review,content/tools/panda-vpn-review.mdx,
2888,businesstool,Papaya Global Review,https://idealonlinebusiness.com/papaya-global-review/,/tools/papaya-global-review,content/tools/papaya-global-review.mdx,
2889,businesstool,Parallels Review,https://idealonlinebusiness.com/parallels-review/,/tools/parallels-review,content/tools/parallels-review.mdx,
2890,businesstool,Phot.AI Review,https://idealonlinebusiness.com/phot-ai-review/,/tools/phot-ai-review,content/tools/phot-ai-review.mdx,
3322,businesstool,PhotoGrid Review,https://idealonlinebusiness.com/photogrid-review/,/tools/photogrid-review,content/tools/photogrid-review.mdx,
3323,businesstool,Placid Review,https://idealonlinebusiness.com/placid-review/,/tools/placid-review,content/tools/placid-review.mdx,
3324,businesstool,Planet Hoster Review,https://idealonlinebusiness.com/planet-hoster-review/,/tools/planet-hoster-review,content/tools/planet-hoster-review.mdx,
3325,businesstool,Podcastle Review,https://idealonlinebusiness.com/podcastle-review/,/tools/podcastle-review,content/tools/podcastle-review.mdx,
3326,businesstool,Podia Review,https://idealonlinebusiness.com/podia-review/,/tools/podia-review,content/tools/podia-review.mdx,
3327,businesstool,PopAds Review,https://idealonlinebusiness.com/popads-review/,/tools/popads-review,content/tools/popads-review.mdx,
3328,businesstool,Popl Review,https://idealonlinebusiness.com/popl-review/,/tools/popl-review,content/tools/popl-review.mdx,
3329,businesstool,Poplin Review,https://idealonlinebusiness.com/poplin-review/,/tools/poplin-review,content/tools/poplin-review.mdx,
3330,businesstool,POWR Review,https://idealonlinebusiness.com/powr-review/,/tools/powr-review,content/tools/powr-review.mdx,
3331,businesstool,Predis AI Review,https://idealonlinebusiness.com/predis-ai-review/,/tools/predis-ai-review,content/tools/predis-ai-review.mdx,
3332,businesstool,Pretty Links Review,https://idealonlinebusiness.com/pretty-links-review/,/tools/pretty-links-review,content/tools/pretty-links-review.mdx,
3333,businesstool,PrivadoVPN Review,https://idealonlinebusiness.com/privado-vpn-review/,/tools/privado-vpn-review,content/tools/privado-vpn-review.mdx,
3335,businesstool,Project.co Review,https://idealonlinebusiness.com/project-co-review/,/tools/project-co-review,content/tools/project-co-review.mdx,
3337,businesstool,Propmoney Review,https://idealonlinebusiness.com/propmoney-review/,/tools/propmoney-review,content/tools/propmoney-review.mdx,
3340,businesstool,ProtonVPN Review,https://idealonlinebusiness.com/protonvpn-review/,/tools/protonvpn-review,content/tools/protonvpn-review.mdx,
3341,businesstool,Publer Review,https://idealonlinebusiness.com/publer-review/,/tools/publer-review,content/tools/publer-review.mdx,
3342,businesstool,Remote Review,https://idealonlinebusiness.com/remote-review/,/tools/remote-review,content/tools/remote-review.mdx,
3343,businesstool,Repurpose.io Review,https://idealonlinebusiness.com/repurpose-io-review/,/tools/repurpose-io-review,content/tools/repurpose-io-review.mdx,
3345,businesstool,Reservio Review,https://idealonlinebusiness.com/reservio-review/,/tools/reservio-review,content/tools/reservio-review.mdx,
3346,businesstool,Restream Review,https://idealonlinebusiness.com/restream-review/,/tools/restream-review,content/tools/restream-review.mdx,
3373,businesstool,Privado Review,https://idealonlinebusiness.com/privado-review/,/tools/privado-review,content/tools/privado-review.mdx,
3465,businesstool,Kitchen.co Review,https://idealonlinebusiness.com/kitchen-co-review/,/tools/kitchen-co-review,content/tools/kitchen-co-review.mdx,
3466,businesstool,Roadtrippers Review,https://idealonlinebusiness.com/roadtrippers-review/,/tools/roadtrippers-review,content/tools/roadtrippers-review.mdx,
3467,businesstool,ScalaCube Review,https://idealonlinebusiness.com/scalacube-review/,/tools/scalacube-review,content/tools/scalacube-review.mdx,
3468,businesstool,ScraperAPI Review,https://idealonlinebusiness.com/scraperapi-review/,/tools/scraperapi-review,content/tools/scraperapi-review.mdx,
3469,businesstool,Scribie Review,https://idealonlinebusiness.com/scribie-review/,/tools/scribie-review,content/tools/scribie-review.mdx,
3470,businesstool,SE Ranking Review,https://idealonlinebusiness.com/se-ranking-review/,/tools/se-ranking-review,content/tools/se-ranking-review.mdx,
3471,businesstool,Sembly Review,https://idealonlinebusiness.com/sembly-review/,/tools/sembly-review,content/tools/sembly-review.mdx,
3472,businesstool,SHOPLINE Review,https://idealonlinebusiness.com/shopline-review/,/tools/shopline-review,content/tools/shopline-review.mdx,
3473,businesstool,ShortStack Review,https://idealonlinebusiness.com/shortstack-review/,/tools/shortstack-review,content/tools/shortstack-review.mdx,
3474,businesstool,Simplified Review,https://idealonlinebusiness.com/simplified-review/,/tools/simplified-review,content/tools/simplified-review.mdx,
3475,businesstool,Siter.io Review,https://idealonlinebusiness.com/siter-io-review/,/tools/siter-io-review,content/tools/siter-io-review.mdx,
3476,businesstool,Sleek Review,https://idealonlinebusiness.com/sleek-review/,/tools/sleek-review,content/tools/sleek-review.mdx,
3477,businesstool,Smartproxy Review,https://idealonlinebusiness.com/smartproxy-review/,/tools/smartproxy-review,content/tools/smartproxy-review.mdx,
3478,businesstool,Smartsupp Review,https://idealonlinebusiness.com/smartsupp-review/,/tools/smartsupp-review,content/tools/smartsupp-review.mdx,
3479,businesstool,Snov.io Review,https://idealonlinebusiness.com/snov-io-review/,/tools/snov-io-review,content/tools/snov-io-review.mdx,
3480,businesstool,Softr Review,https://idealonlinebusiness.com/softr-review/,/tools/softr-review,content/tools/softr-review.mdx,
3481,businesstool,Solutionreach Review,https://idealonlinebusiness.com/solutionreach-review/,/tools/solutionreach-review,content/tools/solutionreach-review.mdx,
3482,businesstool,Squadcast Review,https://idealonlinebusiness.com/squadcast-review/,/tools/squadcast-review,content/tools/squadcast-review.mdx,
3483,businesstool,Synthesia Review,https://idealonlinebusiness.com/synthesia-review/,/tools/synthesia-review,content/tools/synthesia-review.mdx,
3484,businesstool,Systeme.io Review,https://idealonlinebusiness.com/systeme-io-review/,/tools/systeme-io-review,content/tools/systeme-io-review.mdx,
3670,businesstool,Taplink Review,https://idealonlinebusiness.com/taplink-review/,/tools/taplink-review,content/tools/taplink-review.mdx,
3671,businesstool,TCC (The Teacher Career Coach) Review,https://idealonlinebusiness.com/tcc-teacher-career-coach-review/,/tools/tcc-teacher-career-coach-review,content/tools/tcc-teacher-career-coach-review.mdx,
3672,businesstool,TeamGantt Review,https://idealonlinebusiness.com/teamgantt-review/,/tools/teamgantt-review,content/tools/teamgantt-review.mdx,
3673,businesstool,The Map Store Review,https://idealonlinebusiness.com/the-map-store-review/,/tools/the-map-store-review,content/tools/the-map-store-review.mdx,
3674,businesstool,Tickmill Review,https://idealonlinebusiness.com/tickmill-review/,/tools/tickmill-review,content/tools/tickmill-review.mdx,
3675,businesstool,Tidio Review,https://idealonlinebusiness.com/tidio-review/,/tools/tidio-review,content/tools/tidio-review.mdx,
3676,businesstool,Tilda Review,https://idealonlinebusiness.com/tilda-review/,/tools/tilda-review,content/tools/tilda-review.mdx,
3677,businesstool,Toggl Track Review,https://idealonlinebusiness.com/toggl-time-tracking-review/,/tools/toggl-time-tracking-review,content/tools/toggl-time-tracking-review.mdx,
3678,businesstool,Tolt Review,https://idealonlinebusiness.com/tolt-review/,/tools/tolt-review,content/tools/tolt-review.mdx,
3679,businesstool,TOPOL Review,https://idealonlinebusiness.com/topol-email-editor-review/,/tools/topol-email-editor-review,content/tools/topol-email-editor-review.mdx,
3680,businesstool,Trade.com Review,https://idealonlinebusiness.com/trade-com-review/,/tools/trade-com-review,content/tools/trade-com-review.mdx,
3681,businesstool,Trengo Review,https://idealonlinebusiness.com/trengo-review/,/tools/trengo-review,content/tools/trengo-review.mdx,
3682,businesstool,Turbologo Review,https://idealonlinebusiness.com/turbologo-review/,/tools/turbologo-review,content/tools/turbologo-review.mdx,
3683,businesstool,Typeform Review,https://idealonlinebusiness.com/typeform-review/,/tools/typeform-review,content/tools/typeform-review.mdx,
3684,businesstool,Ugreen Review,https://idealonlinebusiness.com/ugreen-review/,/tools/ugreen-review,content/tools/ugreen-review.mdx,
3685,businesstool,Uizard Review,https://idealonlinebusiness.com/uizard-review/,/tools/uizard-review,content/tools/uizard-review.mdx,
3686,businesstool,Upstox Review,https://idealonlinebusiness.com/upstox-review/,/tools/upstox-review,content/tools/upstox-review.mdx,
3687,businesstool,Virtuagym Review,https://idealonlinebusiness.com/virtuagym-review/,/tools/virtuagym-review,content/tools/virtuagym-review.mdx,
3688,businesstool,Visitor Queue Review,https://idealonlinebusiness.com/visitor-queue-review/,/tools/visitor-queue-review,content/tools/visitor-queue-review.mdx,
3689,businesstool,VisualCV Review,https://idealonlinebusiness.com/visualcv-review/,/tools/visualcv-review,content/tools/visualcv-review.mdx,
3857,businesstool,Mixmax Review,https://idealonlinebusiness.com/mixmax-review/,/tools/mixmax-review,content/tools/mixmax-review.mdx,
3860,businesstool,Outgrow Review,https://idealonlinebusiness.com/outgrow-review/,/tools/outgrow-review,content/tools/outgrow-review.mdx,
3869,businesstool,Wave.video Review,https://idealonlinebusiness.com/wave-video-review/,/tools/wave-video-review,content/tools/wave-video-review.mdx,
3876,businesstool,WebCEO Review,https://idealonlinebusiness.com/webceo-review/,/tools/webceo-review,content/tools/webceo-review.mdx,
3878,businesstool,WordAi Review,https://idealonlinebusiness.com/wordai-review/,/tools/wordai-review,content/tools/wordai-review.mdx,
3879,businesstool,Wyzant Review,https://idealonlinebusiness.com/wyzant-review/,/tools/wyzant-review,content/tools/wyzant-review.mdx,
3880,businesstool,ZoogVPN Review,https://idealonlinebusiness.com/zoogvpn-review/,/tools/zoogvpn-review,content/tools/zoogvpn-review.mdx,
3882,businesstool,ZoomInfo Review,https://idealonlinebusiness.com/zoominfo-review/,/tools/zoominfo-review,content/tools/zoominfo-review.mdx,
3883,businesstool,ChatBot Review,https://idealonlinebusiness.com/chatbot-review/,/tools/chatbot-review,content/tools/chatbot-review.mdx,
3884,businesstool,Hyperise Review,https://idealonlinebusiness.com/hyperise-review/,/tools/hyperise-review,content/tools/hyperise-review.mdx,
3885,businesstool,LinkBox Review,https://idealonlinebusiness.com/linkbox-review/,/tools/linkbox-review,content/tools/linkbox-review.mdx,
3886,businesstool,SuperSaaS Review,https://idealonlinebusiness.com/supersaas-review/,/tools/supersaas-review,content/tools/supersaas-review.mdx,
3887,businesstool,JustCall Review,https://idealonlinebusiness.com/justcall-review/,/tools/justcall-review,content/tools/justcall-review.mdx,
3888,businesstool,Make.com Review,https://idealonlinebusiness.com/make-com-review/,/tools/make-com-review,content/tools/make-com-review.mdx,
3889,businesstool,Froxy Review,https://idealonlinebusiness.com/froxy-review/,/tools/froxy-review,content/tools/froxy-review.mdx,
3890,businesstool,Postmark Review,https://idealonlinebusiness.com/postmark-review/,/tools/postmark-review,content/tools/postmark-review.mdx,
3891,businesstool,SmartScout Review,https://idealonlinebusiness.com/smartscout-review/,/tools/smartscout-review,content/tools/smartscout-review.mdx,
3892,businesstool,Rank Math Review,https://idealonlinebusiness.com/rank-math-review/,/tools/rank-math-review,content/tools/rank-math-review.mdx,
3895,businesstool,Strikingly Review,https://idealonlinebusiness.com/strikingly-review/,/tools/strikingly-review,content/tools/strikingly-review.mdx,
3896,businesstool,Growth-X Review,https://idealonlinebusiness.com/growth-x-review/,/tools/growth-x-review,content/tools/growth-x-review.mdx,
3897,businesstool,UptimeRobot Review,https://idealonlinebusiness.com/uptimerobot-review/,/tools/uptimerobot-review,content/tools/uptimerobot-review.mdx,
4012,businesstool,Benchmark Email Review,https://idealonlinebusiness.com/benchmark-email-review/,/tools/benchmark-email-review,content/tools/benchmark-email-review.mdx,
4013,businesstool,Vexels Review,https://idealonlinebusiness.com/vexels-review/,/tools/vexels-review,content/tools/vexels-review.mdx,
4014,businesstool,Respondent Review,https://idealonlinebusiness.com/respondent-review/,/tools/respondent-review,content/tools/respondent-review.mdx,
4015,businesstool,Spokeo Review,https://idealonlinebusiness.com/spokeo-review/,/tools/spokeo-review,content/tools/spokeo-review.mdx,
4016,businesstool,CometChat Review,https://idealonlinebusiness.com/cometchat-review/,/tools/cometchat-review,content/tools/cometchat-review.mdx,
4017,businesstool,Ticket Tailor Review,https://idealonlinebusiness.com/ticket-tailor-review/,/tools/ticket-tailor-review,content/tools/ticket-tailor-review.mdx,
4018,businesstool,Artisan Review,https://idealonlinebusiness.com/artisan-review/,/tools/artisan-review,content/tools/artisan-review.mdx,
4019,businesstool,PromeAI Review,https://idealonlinebusiness.com/promeai-review/,/tools/promeai-review,content/tools/promeai-review.mdx,
4020,businesstool,ProtoPie Review,https://idealonlinebusiness.com/protopie-review/,/tools/protopie-review,content/tools/protopie-review.mdx,
4022,businesstool,Enviz Review,https://idealonlinebusiness.com/enviz-review/,/tools/enviz-review,content/tools/enviz-review.mdx,
4023,businesstool,Sellfy Review,https://idealonlinebusiness.com/sellfy-review/,/tools/sellfy-review,content/tools/sellfy-review.mdx,
4024,businesstool,Gelato Review,https://idealonlinebusiness.com/gelato-review/,/tools/gelato-review,content/tools/gelato-review.mdx,
4025,businesstool,Wati Review,https://idealonlinebusiness.com/wati-review/,/tools/wati-review,content/tools/wati-review.mdx,
4026,businesstool,SimpleTexting Review,https://idealonlinebusiness.com/simpletexting-review/,/tools/simpletexting-review,content/tools/simpletexting-review.mdx,
4027,businesstool,Kartra Review,https://idealonlinebusiness.com/kartra-review/,/tools/kartra-review,content/tools/kartra-review.mdx,
4032,businesstool,Notion Review,https://idealonlinebusiness.com/notion-review/,/tools/notion-review,content/tools/notion-review.mdx,
4033,businesstool,Connecteam Review,https://idealonlinebusiness.com/connecteam-review/,/tools/connecteam-review,content/tools/connecteam-review.mdx,
4034,businesstool,Lemlist Review,https://idealonlinebusiness.com/lemlist-review/,/tools/lemlist-review,content/tools/lemlist-review.mdx,
4130,businesstool,Logo AI Review,https://idealonlinebusiness.com/logoai-review/,/tools/logoai-review,content/tools/logoai-review.mdx,
4131,businesstool,HostPapa Review,https://idealonlinebusiness.com/hostpapa-review/,/tools/hostpapa-review,content/tools/hostpapa-review.mdx,
4132,businesstool,BuiltWith Review,https://idealonlinebusiness.com/builtwith-review/,/tools/builtwith-review,content/tools/builtwith-review.mdx,
4133,businesstool,Proton Mail Review,https://idealonlinebusiness.com/protonmail-review/,/tools/protonmail-review,content/tools/protonmail-review.mdx,
4134,businesstool,Astra Review,https://idealonlinebusiness.com/astra-review/,/tools/astra-review,content/tools/astra-review.mdx,
4135,businesstool,GeneratePress Review,https://idealonlinebusiness.com/generatepress-review/,/tools/generatepress-review,content/tools/generatepress-review.mdx,
4136,businesstool,Vonage Review,https://idealonlinebusiness.com/vonage-review/,/tools/vonage-review,content/tools/vonage-review.mdx,
4137,businesstool,Squid Proxies Review,https://idealonlinebusiness.com/squid-proxies-review/,/tools/squid-proxies-review,content/tools/squid-proxies-review.mdx,
4138,businesstool,SimplyBook.me Review,https://idealonlinebusiness.com/simplybook-review/,/tools/simplybook-review,content/tools/simplybook-review.mdx,
4139,businesstool,EKM Review,https://idealonlinebusiness.com/ekm-review/,/tools/ekm-review,content/tools/ekm-review.mdx,
4140,businesstool,GoodSync Review,https://idealonlinebusiness.com/goodsync-review/,/tools/goodsync-review,content/tools/goodsync-review.mdx,
4141,businesstool,Adsterra Review,https://idealonlinebusiness.com/adsterra-review/,/tools/adsterra-review,content/tools/adsterra-review.mdx,
4142,businesstool,Manatal Review,https://idealonlinebusiness.com/manatal-review/,/tools/manatal-review,content/tools/manatal-review.mdx,
4143,businesstool,Wishup Review,https://idealonlinebusiness.com/wishup-review/,/tools/wishup-review,content/tools/wishup-review.mdx,
4144,businesstool,Radical Storage Review,https://idealonlinebusiness.com/radical-storage-review/,/tools/radical-storage-review,content/tools/radical-storage-review.mdx,
4145,businesstool,Start Infinity Review,https://idealonlinebusiness.com/startinfinity-review/,/tools/startinfinity-review,content/tools/startinfinity-review.mdx,
4146,businesstool,RoboForm Review,https://idealonlinebusiness.com/roboform-review/,/tools/roboform-review,content/tools/roboform-review.mdx,
4147,businesstool,Tailor Brands Review,https://idealonlinebusiness.com/tailorbrands-review/,/tools/tailorbrands-review,content/tools/tailorbrands-review.mdx,
4148,businesstool,MailerSend Review,https://idealonlinebusiness.com/mailersend-review/,/tools/mailersend-review,content/tools/mailersend-review.mdx,
4364,businesstool,Gaia Review,https://idealonlinebusiness.com/gaia-review/,/tools/gaia-review,content/tools/gaia-review.mdx,
4365,businesstool,Proxy-Sale Review,https://idealonlinebusiness.com/proxy-sale-review/,/tools/proxy-sale-review,content/tools/proxy-sale-review.mdx,
4366,businesstool,QR Code AI Review,https://idealonlinebusiness.com/qrcode-ai-review/,/tools/qrcode-ai-review,content/tools/qrcode-ai-review.mdx,
4367,businesstool,Collect.chat Review,https://idealonlinebusiness.com/collectchat-review/,/tools/collectchat-review,content/tools/collectchat-review.mdx,
4368,businesstool,MonetizeMore Review,https://idealonlinebusiness.com/monetizemore-review/,/tools/monetizemore-review,content/tools/monetizemore-review.mdx,
4369,businesstool,Itch.io Review,https://idealonlinebusiness.com/itch-io-review/,/tools/itch-io-review,content/tools/itch-io-review.mdx,
4370,businesstool,Payhip Review,https://idealonlinebusiness.com/payhip-review/,/tools/payhip-review,content/tools/payhip-review.mdx,
4371,businesstool,ReturnGo Review,https://idealonlinebusiness.com/returngo-review/,/tools/returngo-review,content/tools/returngo-review.mdx,
4372,businesstool,Iconosquare Review,https://idealonlinebusiness.com/iconosquare-review/,/tools/iconosquare-review,content/tools/iconosquare-review.mdx,
4373,businesstool,GuruWalk Review,https://idealonlinebusiness.com/guruwalk-review/,/tools/guruwalk-review,content/tools/guruwalk-review.mdx,
4374,businesstool,Whatsform Review,https://idealonlinebusiness.com/whatsform-review/,/tools/whatsform-review,content/tools/whatsform-review.mdx,
4375,businesstool,Teemill Review,https://idealonlinebusiness.com/teemill-review/,/tools/teemill-review,content/tools/teemill-review.mdx,
4376,businesstool,Authory Review,https://idealonlinebusiness.com/authory-review/,/tools/authory-review,content/tools/authory-review.mdx,
4377,businesstool,Elephant AI Review,https://idealonlinebusiness.com/elephant-ai-review/,/tools/elephant-ai-review,content/tools/elephant-ai-review.mdx,
4378,businesstool,Instantly AI Review,https://idealonlinebusiness.com/instantly-ai-review/,/tools/instantly-ai-review,content/tools/instantly-ai-review.mdx,
4379,businesstool,Leetcode Wizard Review,https://idealonlinebusiness.com/leetcode-wizard-review/,/tools/leetcode-wizard-review,content/tools/leetcode-wizard-review.mdx,
4380,businesstool,Radaar Review,https://idealonlinebusiness.com/radaar-review/,/tools/radaar-review,content/tools/radaar-review.mdx,
4381,businesstool,DefenderShield Review,https://idealonlinebusiness.com/defendershield-review/,/tools/defendershield-review,content/tools/defendershield-review.mdx,
4400,businesstool,Closely HQ Review,https://idealonlinebusiness.com/closely-hq-review/,/tools/closely-hq-review,content/tools/closely-hq-review.mdx,
4409,businesstool,Crowdspring Review,https://idealonlinebusiness.com/crowdspring-review/,/tools/crowdspring-review,content/tools/crowdspring-review.mdx,
4418,businesstool,Sploot Review,https://idealonlinebusiness.com/sploot-review/,/tools/sploot-review,content/tools/sploot-review.mdx,
4429,businesstool,DSers Review,https://idealonlinebusiness.com/dsers-review/,/tools/dsers-review,content/tools/dsers-review.mdx,
4438,businesstool,Fatjoe Review,https://idealonlinebusiness.com/fatjoe-review/,/tools/fatjoe-review,content/tools/fatjoe-review.mdx,
4450,businesstool,Folk Review,https://idealonlinebusiness.com/folk-review/,/tools/folk-review,content/tools/folk-review.mdx,
4460,businesstool,The Swarm Review,https://idealonlinebusiness.com/the-swarm-review/,/tools/the-swarm-review,content/tools/the-swarm-review.mdx,
4470,businesstool,Blogpro Review,https://idealonlinebusiness.com/blogpro-review/,/tools/blogpro-review,content/tools/blogpro-review.mdx,
4479,businesstool,Paylocity Review,https://idealonlinebusiness.com/paylocity-review/,/tools/paylocity-review,content/tools/paylocity-review.mdx,
4489,businesstool,Hostwinds Review,https://idealonlinebusiness.com/hostwinds-review/,/tools/hostwinds-review,content/tools/hostwinds-review.mdx,
4499,businesstool,Elevo Learning Review,https://idealonlinebusiness.com/elevo-learning-review/,/tools/elevo-learning-review,content/tools/elevo-learning-review.mdx,
4509,businesstool,Quartile Review,https://idealonlinebusiness.com/quartile-review/,/tools/quartile-review,content/tools/quartile-review.mdx,
4518,businesstool,FifaCoin Review,https://idealonlinebusiness.com/fifacoin-review/,/tools/fifacoin-review,content/tools/fifacoin-review.mdx,
4519,businesstool,Iubenda Review,https://idealonlinebusiness.com/iubenda-review/,/tools/iubenda-review,content/tools/iubenda-review.mdx,
4675,businesstool,Duckbill Review,https://idealonlinebusiness.com/duckbill-review/,/tools/duckbill-review,content/tools/duckbill-review.mdx,
4688,businesstool,SendPulse Review,https://idealonlinebusiness.com/sendpulse-review/,/tools/sendpulse-review,content/tools/sendpulse-review.mdx,
4703,businesstool,Bouncer Review,https://idealonlinebusiness.com/bouncer-review/,/tools/bouncer-review,content/tools/bouncer-review.mdx,
4717,businesstool,Autoblogging Review,https://idealonlinebusiness.com/autoblogging-review/,/tools/autoblogging-review,content/tools/autoblogging-review.mdx,
4727,businesstool,Harpoon Review,https://idealonlinebusiness.com/harpoon-review/,/tools/harpoon-review,content/tools/harpoon-review.mdx,
4737,businesstool,Post Planner Review,https://idealonlinebusiness.com/post-planner-review/,/tools/post-planner-review,content/tools/post-planner-review.mdx,
4747,businesstool,SmarterQueue Review,https://idealonlinebusiness.com/smarterqueue-review/,/tools/smarterqueue-review,content/tools/smarterqueue-review.mdx,
4757,businesstool,SCDKey Review,https://idealonlinebusiness.com/scdkey-review/,/tools/scdkey-review,content/tools/scdkey-review.mdx,
4770,businesstool,Ueni Review,https://idealonlinebusiness.com/ueni-review/,/tools/ueni-review,content/tools/ueni-review.mdx,
4772,businesstool,COOEE Review,https://idealonlinebusiness.com/cooee-review/,/tools/cooee-review,content/tools/cooee-review.mdx,
4773,businesstool,Classin Review,https://idealonlinebusiness.com/classin-review/,/tools/classin-review,content/tools/classin-review.mdx,
4783,businesstool,Tracknow Review,https://idealonlinebusiness.com/tracknow-review/,/tools/tracknow-review,content/tools/tracknow-review.mdx,
4785,businesstool,ScrapingBee Review,https://idealonlinebusiness.com/scrapingbee-review/,/tools/scrapingbee-review,content/tools/scrapingbee-review.mdx,
4786,businesstool,FaceUp Review,https://idealonlinebusiness.com/faceup-review/,/tools/faceup-review,content/tools/faceup-review.mdx,
4796,businesstool,Checkout Page Review,https://idealonlinebusiness.com/checkout-page-review/,/tools/checkout-page-review,content/tools/checkout-page-review.mdx,
4810,businesstool,Listnr Review,https://idealonlinebusiness.com/listnr-review/,/tools/listnr-review,content/tools/listnr-review.mdx,
4823,businesstool,Testimonial.to Review,https://idealonlinebusiness.com/testimonial-to-review/,/tools/testimonial-to-review,content/tools/testimonial-to-review.mdx,
4834,businesstool,RescueTime Review,https://idealonlinebusiness.com/rescuetime-review/,/tools/rescuetime-review,content/tools/rescuetime-review.mdx,
4844,businesstool,Beaver Builder Review,https://idealonlinebusiness.com/beaver-builder-review/,/tools/beaver-builder-review,content/tools/beaver-builder-review.mdx,
4855,businesstool,Blaze AI Review,https://idealonlinebusiness.com/blaze-ai-review/,/tools/blaze-ai-review,content/tools/blaze-ai-review.mdx,
4892,businesstool,Rapyd Cloud Review,https://idealonlinebusiness.com/rapyd-review/,/tools/rapyd-review,content/tools/rapyd-review.mdx,
4901,businesstool,AI/ML API Review,https://idealonlinebusiness.com/aimlapi-review/,/tools/aimlapi-review,content/tools/aimlapi-review.mdx,
4957,businesstool,Listnr Review,https://idealonlinebusiness.com/listnr-review-2/,/tools/listnr-review-2,content/tools/listnr-review-2.mdx,
4960,businesstool,WP Beaver Builder Review,https://idealonlinebusiness.com/wp-content/uploads/2026/05/FktHdsHG4io_thumb.jpg/,/tools/iubenda-video-3,content/tools/iubenda-video-3.mdx,
4961,businesstool,Blaze AI Review,https://idealonlinebusiness.com/wp-content/uploads/2026/05/GC5hB7TzDU4_thumb.jpg/,/tools/blaze-ai-review-2,content/tools/blaze-ai-review-2.mdx,
4962,businesstool,SEOclerk Review,https://idealonlinebusiness.com/wp-content/uploads/2026/05/IXtaw5GzVlw_thumb.jpg/,/tools/seoclerk-review,content/tools/seoclerk-review.mdx,
4963,businesstool,Englishdom Review,https://idealonlinebusiness.com/wp-content/uploads/2026/05/zdzB0IG6uG0_thumb.jpg/,/tools/englishdom-review,content/tools/englishdom-review.mdx,
4964,businesstool,Tidio Review,https://idealonlinebusiness.com/wp-content/uploads/2026/05/5yUp7LrfsZI_thumb.jpg/,/tools/factors-ai-video-3,content/tools/factors-ai-video-3.mdx,
4965,businesstool,Treehouse Review,https://idealonlinebusiness.com/wp-content/uploads/2026/05/QKXfUeXE1s8_thumb.jpg/,/tools/treehouse-review,content/tools/treehouse-review.mdx,
4966,businesstool,Coda Review,https://idealonlinebusiness.com/wp-content/uploads/2026/05/EKxeeB7JZ4w_thumb.jpg/,/tools/coda-review,content/tools/coda-review.mdx,
4967,businesstool,HideMyIP Proxy Review,https://idealonlinebusiness.com/wp-content/uploads/2026/05/DxTScIIC-YI_thumb.jpg/,/tools/hidemyip-proxy-review,content/tools/hidemyip-proxy-review.mdx,
4968,businesstool,Muck Rack Review,https://idealonlinebusiness.com/wp-content/uploads/2026/05/r-upRahTZ1s_thumb.jpg/,/tools/muck-rack-review,content/tools/muck-rack-review.mdx,
4969,businesstool,Placid Review,https://idealonlinebusiness.com/wp-content/uploads/2026/05/moiJljj004g_thumb.jpg/,/tools/boast-io-video-4,content/tools/boast-io-video-4.mdx,
4970,businesstool,Buddy Punch Review,https://idealonlinebusiness.com/buddy-punch-review/,/tools/buddy-punch-review,content/tools/buddy-punch-review.mdx,
4971,businesstool,Stripo Review,https://idealonlinebusiness.com/stripo-review/,/tools/stripo-review,content/tools/stripo-review.mdx,
4972,businesstool,Wask Review,https://idealonlinebusiness.com/wp-content/uploads/2026/05/service-fusion-logo.png/,/tools/wask-review,content/tools/wask-review.mdx,
4973,businesstool,Fomo Review,https://idealonlinebusiness.com/wp-content/uploads/2026/05/service-fusion-video-1.jpg/,/tools/fomo-review,content/tools/fomo-review.mdx,
4978,businesstool,Service Fusion Review,https://idealonlinebusiness.com/servicefusion-review/,/tools/servicefusion-review,content/tools/servicefusion-review.mdx,
5008,businesstool,HideMyIP Proxy Review,https://idealonlinebusiness.com/hidemyip-review/,/tools/hidemyip-review,content/tools/hidemyip-review.mdx,
5011,businesstool,Muck Rack Review,https://idealonlinebusiness.com/product/muckrack-review/,/tools/muckrack-review,content/tools/muckrack-review.mdx,
5016,businesstool,Mindrift Review,https://idealonlinebusiness.com/mindrift-review/,/tools/mindrift-review,content/tools/mindrift-review.mdx,
5026,businesstool,Wealthy Affiliate Review,https://idealonlinebusiness.com/wealthy-affiliate-review/,/tools/wealthy-affiliate-review,content/tools/wealthy-affiliate-review.mdx,
5036,businesstool,iKhokha Review,https://idealonlinebusiness.com/ikhokha-review/,/tools/ikhokha-review,content/tools/ikhokha-review.mdx,
5047,businesstool,Proxify Review,https://idealonlinebusiness.com/proxify-review/,/tools/proxify-review,content/tools/proxify-review.mdx,
5059,businesstool,Brian Tracy Review,https://idealonlinebusiness.com/brian-tracy-review/,/tools/brian-tracy-review,content/tools/brian-tracy-review.mdx,
5069,businesstool,ProRankTracker Review,https://idealonlinebusiness.com/proranktracker-review/,/tools/proranktracker-review,content/tools/proranktracker-review.mdx,
5079,businesstool,EPROLO Review,https://idealonlinebusiness.com/eprolo-review/,/tools/eprolo-review,content/tools/eprolo-review.mdx,
5089,businesstool,ServiceTitan Review,https://idealonlinebusiness.com/servicetitan-review/,/tools/servicetitan-review,content/tools/servicetitan-review.mdx,
5100,businesstool,Backblaze Review,https://idealonlinebusiness.com/backblaze-review/,/tools/backblaze-review,content/tools/backblaze-review.mdx,
5110,businesstool,Less Annoying CRM Review,https://idealonlinebusiness.com/less-annoying-crm-review/,/tools/less-annoying-crm-review,content/tools/less-annoying-crm-review.mdx,
5123,businesstool,Rebuy Engine Review,https://idealonlinebusiness.com/rebuy-engine-review/,/tools/rebuy-engine-review,content/tools/rebuy-engine-review.mdx,
5142,businesstool,Claid AI Review,https://idealonlinebusiness.com/claid-ai-review/,/tools/claid-ai-review,content/tools/claid-ai-review.mdx,
5153,businesstool,Piano Marvel Review,https://idealonlinebusiness.com/piano-marvel-review/,/tools/piano-marvel-review,content/tools/piano-marvel-review.mdx,
5163,businesstool,Tomtop Review,https://idealonlinebusiness.com/tomtop-review/,/tools/tomtop-review,content/tools/tomtop-review.mdx,
5173,businesstool,NinjaProxy Review,https://idealonlinebusiness.com/ninjaproxy-review/,/tools/ninjaproxy-review,content/tools/ninjaproxy-review.mdx,
5183,businesstool,SwiftReg Review,https://idealonlinebusiness.com/swiftreg-review/,/tools/swiftreg-review,content/tools/swiftreg-review.mdx,
5193,businesstool,Desku Review,https://idealonlinebusiness.com/desku-review/,/tools/desku-review,content/tools/desku-review.mdx,
5206,businesstool,Elai.io Review,https://idealonlinebusiness.com/elai-io-review/,/tools/elai-io-review,content/tools/elai-io-review.mdx,
5216,businesstool,SafelinkU Review,https://idealonlinebusiness.com/safelinku-review/,/tools/safelinku-review,content/tools/safelinku-review.mdx,
5225,businesstool,Glorify Review,https://idealonlinebusiness.com/glorify-review/,/tools/glorify-review,content/tools/glorify-review.mdx,
5259,businesstool,Fabric.so Review,https://idealonlinebusiness.com/fabric-so-review/,/tools/fabric-so-review,content/tools/fabric-so-review.mdx,
5268,businesstool,Scalenut Review,https://idealonlinebusiness.com/scalenut-review/,/tools/scalenut-review,content/tools/scalenut-review.mdx,
5280,businesstool,Fusion Markets Review,https://idealonlinebusiness.com/fusion-markets-review/,/tools/fusion-markets-review,content/tools/fusion-markets-review.mdx,
5292,businesstool,Guesty Review,https://idealonlinebusiness.com/guesty-review/,/tools/guesty-review,content/tools/guesty-review.mdx,
5303,businesstool,LunaProxy Review,https://idealonlinebusiness.com/lunaproxy-review/,/tools/lunaproxy-review,content/tools/lunaproxy-review.mdx,
5313,businesstool,CustomGPT.ai Review,https://idealonlinebusiness.com/customgpt-ai-review/,/tools/customgpt-ai-review,content/tools/customgpt-ai-review.mdx,
5322,businesstool,Fathom Review,https://idealonlinebusiness.com/fathom-review/,/tools/fathom-review,content/tools/fathom-review.mdx,
5335,businesstool,Ringover Review,https://idealonlinebusiness.com/ringover-review/,/tools/ringover-review,content/tools/ringover-review.mdx,
5337,businesstool,Heygen Review,https://idealonlinebusiness.com/heygen-review/,/tools/heygen-review,content/tools/heygen-review.mdx,
5351,businesstool,ContentStudio Review,https://idealonlinebusiness.com/contentstudio-review/,/tools/contentstudio-review,content/tools/contentstudio-review.mdx,
5361,businesstool,Cognito Forms Review,https://idealonlinebusiness.com/cognito-forms-review/,/tools/cognito-forms-review,content/tools/cognito-forms-review.mdx,
5362,businesstool,BasedLabs Review,https://idealonlinebusiness.com/basedlabs-review/,/tools/basedlabs-review,content/tools/basedlabs-review.mdx,
5365,businesstool,Gearbest Review,https://idealonlinebusiness.com/gearbest-review/,/tools/gearbest-review,content/tools/gearbest-review.mdx,
5367,businesstool,PrizeRebel Review,https://idealonlinebusiness.com/prizerebel-review/,/tools/prizerebel-review,content/tools/prizerebel-review.mdx,
5369,businesstool,SketchNote Review,https://idealonlinebusiness.com/sketchnote-review/,/tools/sketchnote-review,content/tools/sketchnote-review.mdx,
5370,businesstool,getimg Review,https://idealonlinebusiness.com/getimg-review/,/tools/getimg-review,content/tools/getimg-review.mdx,
5371,businesstool,Sage HR Review,https://idealonlinebusiness.com/sage-hr-review/,/tools/sage-hr-review,content/tools/sage-hr-review.mdx,
5372,businesstool,Easy-Peasy AI Review,https://idealonlinebusiness.com/easy-peasy-ai-review/,/tools/easy-peasy-ai-review,content/tools/easy-peasy-ai-review.mdx,
5373,businesstool,AI Bypass Review,https://idealonlinebusiness.com/ai-bypass-review/,/tools/ai-bypass-review,content/tools/ai-bypass-review.mdx,
5374,businesstool,DeepBrain AI Review,https://idealonlinebusiness.com/deepbrain-ai-review/,/tools/deepbrain-ai-review,content/tools/deepbrain-ai-review.mdx,
5375,businesstool,Speak AI Review,https://idealonlinebusiness.com/speak-ai-review/,/tools/speak-ai-review,content/tools/speak-ai-review.mdx,
5376,businesstool,ActiveCampaign Review,https://idealonlinebusiness.com/activecampaign-review/,/tools/activecampaign-review,content/tools/activecampaign-review.mdx,
5377,businesstool,Smart VPN Review,https://idealonlinebusiness.com/smart-vpn-review/,/tools/smart-vpn-review,content/tools/smart-vpn-review.mdx,
5378,businesstool,StealthGPT Review,https://idealonlinebusiness.com/stealthgpt-review/,/tools/stealthgpt-review,content/tools/stealthgpt-review.mdx,
5379,businesstool,Voiceflow Review,https://idealonlinebusiness.com/voiceflow-review/,/tools/voiceflow-review,content/tools/voiceflow-review.mdx,
5380,businesstool,Villiers Jets Review,https://idealonlinebusiness.com/villiers-jets-review/,/tools/villiers-jets-review,content/tools/villiers-jets-review.mdx,
5381,businesstool,Setmore Review,https://idealonlinebusiness.com/setmore-review/,/tools/setmore-review,content/tools/setmore-review.mdx,
5382,businesstool,Timetastic Review,https://idealonlinebusiness.com/timetastic-review/,/tools/timetastic-review,content/tools/timetastic-review.mdx,
5481,businesstool,VPN Unlimited Review,https://idealonlinebusiness.com/vpn-unlimited-review/,/tools/vpn-unlimited-review,content/tools/vpn-unlimited-review.mdx,
5482,businesstool,Imagine Art Review,https://idealonlinebusiness.com/imagine-art-review/,/tools/imagine-art-review,content/tools/imagine-art-review.mdx,
5483,businesstool,Tawk.to Review,https://idealonlinebusiness.com/tawk-to-review/,/tools/tawk-to-review,content/tools/tawk-to-review.mdx,
5484,businesstool,Filemail Review,https://idealonlinebusiness.com/filemail-review/,/tools/filemail-review,content/tools/filemail-review.mdx,
5485,businesstool,Signable Review,https://idealonlinebusiness.com/signable-review/,/tools/signable-review,content/tools/signable-review.mdx,
5486,businesstool,VeePN Review,https://idealonlinebusiness.com/veepn-review/,/tools/veepn-review,content/tools/veepn-review.mdx,
5487,businesstool,IOctopus Review,https://idealonlinebusiness.com/ioctopus-review/,/tools/ioctopus-review,content/tools/ioctopus-review.mdx,
5488,businesstool,TalentLMS Review,https://idealonlinebusiness.com/talentlms-review/,/tools/talentlms-review,content/tools/talentlms-review.mdx,
5489,businesstool,VectorStock Review,https://idealonlinebusiness.com/vectorstock-review/,/tools/vectorstock-review,content/tools/vectorstock-review.mdx,
5490,businesstool,Photo AI Review,https://idealonlinebusiness.com/photo-ai-review/,/tools/photo-ai-review,content/tools/photo-ai-review.mdx,
5491,businesstool,Ionos Review,https://idealonlinebusiness.com/ionos-review/,/tools/ionos-review,content/tools/ionos-review.mdx,
5492,businesstool,Upgrad Review,https://idealonlinebusiness.com/upgrad-review/,/tools/upgrad-review,content/tools/upgrad-review.mdx,
5493,businesstool,Saily Review,https://idealonlinebusiness.com/saily-review/,/tools/saily-review,content/tools/saily-review.mdx,
5494,businesstool,Jotform Review,https://idealonlinebusiness.com/jotform-review/,/tools/jotform-review,content/tools/jotform-review.mdx,
5495,businesstool,HIX AI Review,https://idealonlinebusiness.com/hix-ai-review/,/tools/hix-ai-review,content/tools/hix-ai-review.mdx,
5496,businesstool,Superbuy Review,https://idealonlinebusiness.com/superbuy-review/,/tools/superbuy-review,content/tools/superbuy-review.mdx,
5497,businesstool,Originality AI Review,https://idealonlinebusiness.com/originality-ai-review/,/tools/originality-ai-review,content/tools/originality-ai-review.mdx,
5498,businesstool,Erase.bg Review,https://idealonlinebusiness.com/erase-bg-review/,/tools/erase-bg-review,content/tools/erase-bg-review.mdx,
5590,businesstool,pCloud Review,https://idealonlinebusiness.com/pcloud-review/,/tools/pcloud-review,content/tools/pcloud-review.mdx,
5600,businesstool,Topcashback Review,https://idealonlinebusiness.com/topcashback-review/,/tools/topcashback-review,content/tools/topcashback-review.mdx,
5610,businesstool,vidIQ Review,https://idealonlinebusiness.com/vidiq-review/,/tools/vidiq-review,content/tools/vidiq-review.mdx,
5623,businesstool,Swagbucks Review,https://idealonlinebusiness.com/swagbucks-review/,/tools/swagbucks-review,content/tools/swagbucks-review.mdx,
5633,businesstool,WriteHuman AI Review,https://idealonlinebusiness.com/writehuman-ai-review/,/tools/writehuman-ai-review,content/tools/writehuman-ai-review.mdx,
5649,businesstool,Julius AI Review,https://idealonlinebusiness.com/julius-ai-review/,/tools/julius-ai-review,content/tools/julius-ai-review.mdx,
5660,businesstool,Glide Review,https://idealonlinebusiness.com/glide-review/,/tools/glide-review,content/tools/glide-review.mdx,
5670,businesstool,Clockify Review,https://idealonlinebusiness.com/clockify-review/,/tools/clockify-review,content/tools/clockify-review.mdx,
5680,businesstool,AOMEI Review,https://idealonlinebusiness.com/aomei-review/,/tools/aomei-review,content/tools/aomei-review.mdx,
5690,businesstool,Cloudways Review,https://idealonlinebusiness.com/cloudways-review/,/tools/cloudways-review,content/tools/cloudways-review.mdx,
5700,businesstool,Planet VPN Review,https://idealonlinebusiness.com/planet-vpn-review/,/tools/planet-vpn-review,content/tools/planet-vpn-review.mdx,
5710,businesstool,Shiprocket Review,https://idealonlinebusiness.com/shiprocket-review/,/tools/shiprocket-review,content/tools/shiprocket-review.mdx,
5722,businesstool,OnlyOffice Review,https://idealonlinebusiness.com/onlyoffice-review/,/tools/onlyoffice-review,content/tools/onlyoffice-review.mdx,
5732,businesstool,Remove.bg Review,https://idealonlinebusiness.com/remove-bg-review/,/tools/remove-bg-review,content/tools/remove-bg-review.mdx,
5742,businesstool,10Web Review,https://idealonlinebusiness.com/10web-review/,/tools/10web-review,content/tools/10web-review.mdx,
5752,businesstool,1-800-PACK-RAT Review,https://idealonlinebusiness.com/1-800-pack-rat-review/,/tools/1-800-pack-rat-review,content/tools/1-800-pack-rat-review.mdx,
5762,businesstool,A-Premium Auto Parts Review,https://idealonlinebusiness.com/a-premium-auto-parts-review/,/tools/a-premium-auto-parts-review,content/tools/a-premium-auto-parts-review.mdx,
5772,businesstool,ABCya Review,https://idealonlinebusiness.com/abcya-review/,/tools/abcya-review,content/tools/abcya-review.mdx,
5782,businesstool,absence.io Review,https://idealonlinebusiness.com/absence-io-review/,/tools/absence-io-review,content/tools/absence-io-review.mdx,
5792,businesstool,ACEBEAM Review,https://idealonlinebusiness.com/acebeam-review/,/tools/acebeam-review,content/tools/acebeam-review.mdx,
5803,businesstool,Aiper Review,https://idealonlinebusiness.com/aiper-review/,/tools/aiper-review,content/tools/aiper-review.mdx,
5814,businesstool,Bearaby Review,https://idealonlinebusiness.com/bearaby-review/,/tools/bearaby-review,content/tools/bearaby-review.mdx,
5815,businesstool,Airwallex Review,https://idealonlinebusiness.com/airwallex-review/,/tools/airwallex-review,content/tools/airwallex-review.mdx,
5824,businesstool,Beauty Forever Hair Review,https://idealonlinebusiness.com/beauty-forever-hair-review/,/tools/beauty-forever-hair-review,content/tools/beauty-forever-hair-review.mdx,
5825,businesstool,Bestvibe UK Review,https://idealonlinebusiness.com/bestvibe-uk-review/,/tools/bestvibe-uk-review,content/tools/bestvibe-uk-review.mdx,
5827,businesstool,Bestvibe US Review,https://idealonlinebusiness.com/bestvibe-us-review/,/tools/bestvibe-us-review,content/tools/bestvibe-us-review.mdx,
5828,businesstool,BINGE Movies & TV Review,https://idealonlinebusiness.com/binge-movies-tv-review/,/tools/binge-movies-tv-review,content/tools/binge-movies-tv-review.mdx,
5830,businesstool,Biocare Review,https://idealonlinebusiness.com/biocare-review/,/tools/biocare-review,content/tools/biocare-review.mdx,
5831,businesstool,Blinkist US Review,https://idealonlinebusiness.com/blinkist-us-review/,/tools/blinkist-us-review,content/tools/blinkist-us-review.mdx,
5832,businesstool,Blu Dot Review,https://idealonlinebusiness.com/blu-dot-review/,/tools/blu-dot-review,content/tools/blu-dot-review.mdx,
5833,businesstool,Akko Review,https://idealonlinebusiness.com/akko-review/,/tools/akko-review,content/tools/akko-review.mdx,
5842,businesstool,Bluetti DE Review,https://idealonlinebusiness.com/bluetti-de-review/,/tools/bluetti-de-review,content/tools/bluetti-de-review.mdx,
5843,businesstool,Bluetti ES Review,https://idealonlinebusiness.com/bluetti-es-review/,/tools/bluetti-es-review,content/tools/bluetti-es-review.mdx,
5844,businesstool,Bluetti IT Review,https://idealonlinebusiness.com/bluetti-it-review/,/tools/bluetti-it-review,content/tools/bluetti-it-review.mdx,
5845,businesstool,Bluetti US Review,https://idealonlinebusiness.com/bluetti-us-review/,/tools/bluetti-us-review,content/tools/bluetti-us-review.mdx,
5846,businesstool,BosleyMD Review,https://idealonlinebusiness.com/bosleymd-review/,/tools/bosleymd-review,content/tools/bosleymd-review.mdx,
5847,businesstool,Box Inc Review,https://idealonlinebusiness.com/box-inc-review/,/tools/box-inc-review,content/tools/box-inc-review.mdx,
5849,businesstool,Boxup Review,https://idealonlinebusiness.com/boxup-review/,/tools/boxup-review,content/tools/boxup-review.mdx,
5850,businesstool,Braun LazMall Singapore Review,https://idealonlinebusiness.com/braun-lazmall-singapore-review/,/tools/braun-lazmall-singapore-review,content/tools/braun-lazmall-singapore-review.mdx,
5851,businesstool,Brightside Review,https://idealonlinebusiness.com/brightside-review/,/tools/brightside-review,content/tools/brightside-review.mdx,
5852,businesstool,AliExpress Review,https://idealonlinebusiness.com/aliexpress-review/,/tools/aliexpress-review,content/tools/aliexpress-review.mdx,
5853,businesstool,British Council English Online Review,https://idealonlinebusiness.com/british-council-english-online-review/,/tools/british-council-english-online-review,content/tools/british-council-english-online-review.mdx,
5866,businesstool,Alliance Virtual Offices Review,https://idealonlinebusiness.com/alliance-virtual-offices-review/,/tools/alliance-virtual-offices-review,content/tools/alliance-virtual-offices-review.mdx,
5876,businesstool,Alpinestars Review,https://idealonlinebusiness.com/alpinestars-review/,/tools/alpinestars-review,content/tools/alpinestars-review.mdx,
5886,businesstool,Aofit Review,https://idealonlinebusiness.com/aofit-review/,/tools/aofit-review,content/tools/aofit-review.mdx,
5896,businesstool,Apollo Neuroscience Review,https://idealonlinebusiness.com/apollo-neuroscience-review/,/tools/apollo-neuroscience-review,content/tools/apollo-neuroscience-review.mdx,
5905,businesstool,Byre Review,https://idealonlinebusiness.com/byre-review/,/tools/byre-review,content/tools/byre-review.mdx,
5906,businesstool,CA Roborock Review,https://idealonlinebusiness.com/ca-roborock-review/,/tools/ca-roborock-review,content/tools/ca-roborock-review.mdx,
5908,businesstool,Cambodia Angkor Air Review,https://idealonlinebusiness.com/cambodia-angkor-air-review/,/tools/cambodia-angkor-air-review,content/tools/cambodia-angkor-air-review.mdx,
5909,businesstool,Careerist Review,https://idealonlinebusiness.com/careerist-review/,/tools/careerist-review,content/tools/careerist-review.mdx,
5910,businesstool,Cariloha Review,https://idealonlinebusiness.com/cariloha-review/,/tools/cariloha-review,content/tools/cariloha-review.mdx,
5911,businesstool,AppSumo Review,https://idealonlinebusiness.com/appsumo-review/,/tools/appsumo-review,content/tools/appsumo-review.mdx,
5920,businesstool,CATLINK Review,https://idealonlinebusiness.com/catlink-review/,/tools/catlink-review,content/tools/catlink-review.mdx,
5921,businesstool,CCELL Review,https://idealonlinebusiness.com/ccell-review/,/tools/ccell-review,content/tools/ccell-review.mdx,
5922,businesstool,Charlemange Review,https://idealonlinebusiness.com/charlemange-review/,/tools/charlemange-review,content/tools/charlemange-review.mdx,
5923,businesstool,Chow Tai Fook Review,https://idealonlinebusiness.com/chow-tai-fook-review/,/tools/chow-tai-fook-review,content/tools/chow-tai-fook-review.mdx,
5925,businesstool,Cinch Review,https://idealonlinebusiness.com/cinch-review/,/tools/cinch-review,content/tools/cinch-review.mdx,
5926,businesstool,Codashop Review,https://idealonlinebusiness.com/codashop-review/,/tools/codashop-review,content/tools/codashop-review.mdx,
5927,businesstool,Aqua Hotel Group Review,https://idealonlinebusiness.com/aqua-hotel-group-review/,/tools/aqua-hotel-group-review,content/tools/aqua-hotel-group-review.mdx,
5928,businesstool,Cometeer Review,https://idealonlinebusiness.com/cometeer-review/,/tools/cometeer-review,content/tools/cometeer-review.mdx,
5937,businesstool,Confetti Review,https://idealonlinebusiness.com/confetti-review/,/tools/confetti-review,content/tools/confetti-review.mdx,
5938,businesstool,COOP Review,https://idealonlinebusiness.com/coop-review/,/tools/coop-review,content/tools/coop-review.mdx,
5939,businesstool,Costway CA Review,https://idealonlinebusiness.com/costway-ca-review/,/tools/costway-ca-review,content/tools/costway-ca-review.mdx,
5940,businesstool,Covers and All Review,https://idealonlinebusiness.com/covers-and-all-review/,/tools/covers-and-all-review,content/tools/covers-and-all-review.mdx,
5942,businesstool,Ulike Review,https://idealonlinebusiness.com/ulike-review/,/tools/ulike-review,content/tools/ulike-review.mdx,
5943,businesstool,Artis Brushes Review,https://idealonlinebusiness.com/artis-brushes-review/,/tools/artis-brushes-review,content/tools/artis-brushes-review.mdx,
5944,businesstool,Daily High Club Review,https://idealonlinebusiness.com/daily-high-club-review/,/tools/daily-high-club-review,content/tools/daily-high-club-review.mdx,
5953,businesstool,DE Roborock Review,https://idealonlinebusiness.com/de-roborock-review/,/tools/de-roborock-review,content/tools/de-roborock-review.mdx,
5954,businesstool,DHgate Review,https://idealonlinebusiness.com/dhgate-review/,/tools/dhgate-review,content/tools/dhgate-review.mdx,
5956,businesstool,Audeze Review,https://idealonlinebusiness.com/audeze-review/,/tools/audeze-review,content/tools/audeze-review.mdx,
5966,businesstool,Doze Review,https://idealonlinebusiness.com/doze-review/,/tools/doze-review,content/tools/doze-review.mdx,
5967,businesstool,Dreame US Review,https://idealonlinebusiness.com/dreame-us-review/,/tools/dreame-us-review,content/tools/dreame-us-review.mdx,
5969,businesstool,WordPress.com Review,https://idealonlinebusiness.com/wordpress-com-review/,/tools/wordpress-com-review,content/tools/wordpress-com-review.mdx,
5979,businesstool,WooCommerce Review,https://idealonlinebusiness.com/woocommerce-review/,/tools/woocommerce-review,content/tools/woocommerce-review.mdx,
5989,businesstool,Jetpack Review,https://idealonlinebusiness.com/jetpack-review/,/tools/jetpack-review,content/tools/jetpack-review.mdx,
6000,businesstool,Pressable Review,https://idealonlinebusiness.com/pressable-review/,/tools/pressable-review,content/tools/pressable-review.mdx,
6009,businesstool,Crazy Domains Review,https://idealonlinebusiness.com/crazy-domains-review/,/tools/crazy-domains-review,content/tools/crazy-domains-review.mdx,
6013,businesstool,Azuline Hotels Review,https://idealonlinebusiness.com/azuline-hotels-review/,/tools/azuline-hotels-review,content/tools/azuline-hotels-review.mdx,
6026,businesstool,Barabas Review,https://idealonlinebusiness.com/barabas-review/,/tools/barabas-review,content/tools/barabas-review.mdx,
6217,businesstool,Enhanced Labs Review,https://idealonlinebusiness.com/enhanced-labs-review/,/tools/enhanced-labs-review,content/tools/enhanced-labs-review.mdx,
6227,businesstool,Envato Market Review,https://idealonlinebusiness.com/envato-market-review/,/tools/envato-market-review,content/tools/envato-market-review.mdx,
6237,businesstool,Epos Now Review,https://idealonlinebusiness.com/epos-now-review/,/tools/epos-now-review,content/tools/epos-now-review.mdx,
6247,businesstool,EquityNet Review,https://idealonlinebusiness.com/equitynet-review/,/tools/equitynet-review,content/tools/equitynet-review.mdx,
6294,businesstool,VEVOR MX Review,https://idealonlinebusiness.com/vevor-mx-review/,/tools/vevor-mx-review,content/tools/vevor-mx-review.mdx,
6295,businesstool,VEVOR NL Review,https://idealonlinebusiness.com/vevor-nl-review/,/tools/vevor-nl-review,content/tools/vevor-nl-review.mdx,
6296,businesstool,VEVOR PL Review,https://idealonlinebusiness.com/vevor-pl-review/,/tools/vevor-pl-review,content/tools/vevor-pl-review.mdx,
6297,businesstool,VEVOR US Review,https://idealonlinebusiness.com/vevor-us-review/,/tools/vevor-us-review,content/tools/vevor-us-review.mdx,
6298,businesstool,Vida Glow AU Review,https://idealonlinebusiness.com/vida-glow-au-review/,/tools/vida-glow-au-review,content/tools/vida-glow-au-review.mdx,
6299,businesstool,Vida Glow US Review,https://idealonlinebusiness.com/vida-glow-us-review/,/tools/vida-glow-us-review,content/tools/vida-glow-us-review.mdx,
6300,businesstool,Video Studio Review,https://idealonlinebusiness.com/video-studio-review/,/tools/video-studio-review,content/tools/video-studio-review.mdx,
6301,businesstool,Vita Bella Review,https://idealonlinebusiness.com/vita-bella-review/,/tools/vita-bella-review,content/tools/vita-bella-review.mdx,
6302,businesstool,Voila Review,https://idealonlinebusiness.com/voila-review/,/tools/voila-review,content/tools/voila-review.mdx,
6303,businesstool,Wacom Review,https://idealonlinebusiness.com/wacom-review/,/tools/wacom-review,content/tools/wacom-review.mdx,
6304,businesstool,WalkingPad Review,https://idealonlinebusiness.com/walkingpad-review/,/tools/walkingpad-review,content/tools/walkingpad-review.mdx,
6305,businesstool,Waterdrop Filter Review,https://idealonlinebusiness.com/waterdrop-filter-review/,/tools/waterdrop-filter-review,content/tools/waterdrop-filter-review.mdx,
6306,businesstool,Webroot Review,https://idealonlinebusiness.com/webroot-review/,/tools/webroot-review,content/tools/webroot-review.mdx,
6307,businesstool,Welcome Hotels Review,https://idealonlinebusiness.com/welcome-hotels-review/,/tools/welcome-hotels-review,content/tools/welcome-hotels-review.mdx,
6308,businesstool,Wellfit Walking Pad Review,https://idealonlinebusiness.com/wellfit-walking-pad-review/,/tools/wellfit-walking-pad-review,content/tools/wellfit-walking-pad-review.mdx,
6309,businesstool,Wild Yak Inc Review,https://idealonlinebusiness.com/wild-yak-inc-review/,/tools/wild-yak-inc-review,content/tools/wild-yak-inc-review.mdx,
6310,businesstool,WithLove Review,https://idealonlinebusiness.com/withlove-review/,/tools/withlove-review,content/tools/withlove-review.mdx,
6311,businesstool,Wolf & Badger Review,https://idealonlinebusiness.com/wolf-and-badger-review/,/tools/wolf-and-badger-review,content/tools/wolf-and-badger-review.mdx,
6312,businesstool,Wuka Review,https://idealonlinebusiness.com/wuka-review/,/tools/wuka-review,content/tools/wuka-review.mdx,
6351,businesstool,Tailwind Review,https://idealonlinebusiness.com/tailwind-review/,/tools/tailwind-review,content/tools/tailwind-review.mdx,
6361,businesstool,The Economist Review,https://idealonlinebusiness.com/the-economist-review/,/tools/the-economist-review,content/tools/the-economist-review.mdx,
6370,businesstool,The Game Headwear Review,https://idealonlinebusiness.com/the-game-headwear-review/,/tools/the-game-headwear-review,content/tools/the-game-headwear-review.mdx,
6381,businesstool,Thin Lizzy Review,https://idealonlinebusiness.com/thin-lizzy-review/,/tools/thin-lizzy-review,content/tools/thin-lizzy-review.mdx,
6391,businesstool,THINKCAR Review,https://idealonlinebusiness.com/thinkcar-review/,/tools/thinkcar-review,content/tools/thinkcar-review.mdx,
6400,businesstool,Thryv Review,https://idealonlinebusiness.com/thryv-review-2/,/tools/thryv-review-2,content/tools/thryv-review-2.mdx,
6410,businesstool,Token Metrics Review,https://idealonlinebusiness.com/token-metrics-review/,/tools/token-metrics-review,content/tools/token-metrics-review.mdx,
6420,businesstool,Trafft Review,https://idealonlinebusiness.com/trafft-review/,/tools/trafft-review,content/tools/trafft-review.mdx,
6430,businesstool,Tribesigns Review,https://idealonlinebusiness.com/tribesigns-review/,/tools/tribesigns-review,content/tools/tribesigns-review.mdx,
6440,businesstool,Trinka AI Review,https://idealonlinebusiness.com/trinka-ai-review/,/tools/trinka-ai-review,content/tools/trinka-ai-review.mdx,
6450,businesstool,Turtle Beach Review,https://idealonlinebusiness.com/turtle-beach-review/,/tools/turtle-beach-review,content/tools/turtle-beach-review.mdx,
6460,businesstool,Ubersuggest Review,https://idealonlinebusiness.com/ubersuggest-review/,/tools/ubersuggest-review,content/tools/ubersuggest-review.mdx,
6470,businesstool,UK Rugby Store Review,https://idealonlinebusiness.com/uk-rugby-store-review/,/tools/uk-rugby-store-review,content/tools/uk-rugby-store-review.mdx,
6480,businesstool,Ultenic Review,https://idealonlinebusiness.com/ultenic-review/,/tools/ultenic-review,content/tools/ultenic-review.mdx,
6489,businesstool,Wellfit Treadmill Review,https://idealonlinebusiness.com/wellfit-treadmill-review/,/tools/wellfit-treadmill-review,content/tools/wellfit-treadmill-review.mdx,
6529,businesstool,Umbo Review,https://idealonlinebusiness.com/umbo-review/,/tools/umbo-review,content/tools/umbo-review.mdx,
6570,businesstool,Duda Review,https://idealonlinebusiness.com/duda-review/,/tools/duda-review,content/tools/duda-review.mdx,
6591,businesstool,Dusit Hotels & Resorts Review,https://idealonlinebusiness.com/dusit-hotels-resorts-review/,/tools/dusit-hotels-resorts-review,content/tools/dusit-hotels-resorts-review.mdx,
6605,businesstool,Dymocks Review,https://idealonlinebusiness.com/dymocks-review/,/tools/dymocks-review,content/tools/dymocks-review.mdx,
6626,businesstool,Easirent Review,https://idealonlinebusiness.com/easirent-review/,/tools/easirent-review,content/tools/easirent-review.mdx,
6665,businesstool,Education.com Review,https://idealonlinebusiness.com/education-com-review/,/tools/education-com-review,content/tools/education-com-review.mdx,
6676,businesstool,edX Review,https://idealonlinebusiness.com/edx-review/,/tools/edx-review,content/tools/edx-review.mdx,
6686,businesstool,EMEET Review,https://idealonlinebusiness.com/emeet-review/,/tools/emeet-review,content/tools/emeet-review.mdx,
6696,businesstool,Endoca Review,https://idealonlinebusiness.com/endoca-review/,/tools/endoca-review,content/tools/endoca-review.mdx,
6707,businesstool,Firmoo Review,https://idealonlinebusiness.com/firmoo-review/,/tools/firmoo-review,content/tools/firmoo-review.mdx,
6718,businesstool,FitVille Review,https://idealonlinebusiness.com/fitville-review/,/tools/fitville-review,content/tools/fitville-review.mdx,
6731,businesstool,FlowerChimp Review,https://idealonlinebusiness.com/flowerchimp-review/,/tools/flowerchimp-review,content/tools/flowerchimp-review.mdx,
6749,businesstool,FIFO Review,https://idealonlinebusiness.com/fifo-review/,/tools/fifo-review,content/tools/fifo-review.mdx,
6764,businesstool,Fofana Review,https://idealonlinebusiness.com/fofana-review/,/tools/fofana-review,content/tools/fofana-review.mdx,
6775,businesstool,Freaks of Nature Review,https://idealonlinebusiness.com/freaks-of-nature-review/,/tools/freaks-of-nature-review,content/tools/freaks-of-nature-review.mdx,
6788,businesstool,Freedom Review,https://idealonlinebusiness.com/freedom-review/,/tools/freedom-review,content/tools/freedom-review.mdx,
6798,businesstool,FreeTaxUSA Review,https://idealonlinebusiness.com/freetaxusa-review/,/tools/freetaxusa-review,content/tools/freetaxusa-review.mdx,
6845,businesstool,FridayParts Review,https://idealonlinebusiness.com/fridayparts-review/,/tools/fridayparts-review,content/tools/fridayparts-review.mdx,
6906,businesstool,Funwhole Review,https://idealonlinebusiness.com/funwhole-review/,/tools/funwhole-review,content/tools/funwhole-review.mdx,
6929,businesstool,GAMIVO Review,https://idealonlinebusiness.com/gamivo-review/,/tools/gamivo-review,content/tools/gamivo-review.mdx,
6939,businesstool,GeekBuying Review,https://idealonlinebusiness.com/geekbuying-review/,/tools/geekbuying-review,content/tools/geekbuying-review.mdx,
6955,businesstool,Monument Grills Review,https://idealonlinebusiness.com/monument-grills-review/,/tools/monument-grills-review,content/tools/monument-grills-review.mdx,
6957,businesstool,getAbstract Review,https://idealonlinebusiness.com/getabstract-review/,/tools/getabstract-review,content/tools/getabstract-review.mdx,
6959,businesstool,GigSky Review,https://idealonlinebusiness.com/gigsky-review/,/tools/gigsky-review,content/tools/gigsky-review.mdx,
6961,businesstool,Glowforge Review,https://idealonlinebusiness.com/glowforge-review/,/tools/glowforge-review,content/tools/glowforge-review.mdx,
6963,businesstool,Gotrax CA Review,https://idealonlinebusiness.com/gotrax-ca-review/,/tools/gotrax-ca-review,content/tools/gotrax-ca-review.mdx,
6965,businesstool,Gourmet Gift Baskets Review,https://idealonlinebusiness.com/gourmet-gift-baskets-review/,/tools/gourmet-gift-baskets-review,content/tools/gourmet-gift-baskets-review.mdx,
6967,businesstool,Gusto Review,https://idealonlinebusiness.com/gusto-review/,/tools/gusto-review,content/tools/gusto-review.mdx,
6969,businesstool,Heart & Soil Review,https://idealonlinebusiness.com/heart-soil-review/,/tools/heart-soil-review,content/tools/heart-soil-review.mdx,
6971,businesstool,Hermosa Review,https://idealonlinebusiness.com/hermosa-review/,/tools/hermosa-review,content/tools/hermosa-review.mdx,
6973,businesstool,HIZERO Review,https://idealonlinebusiness.com/hizero-review/,/tools/hizero-review,content/tools/hizero-review.mdx,
6975,businesstool,Hohem Review,https://idealonlinebusiness.com/hohem-review/,/tools/hohem-review,content/tools/hohem-review.mdx,
6977,businesstool,HostGator Review,https://idealonlinebusiness.com/hostgator-review/,/tools/hostgator-review,content/tools/hostgator-review.mdx,
6979,businesstool,IXL Review,https://idealonlinebusiness.com/ixl-review/,/tools/ixl-review,content/tools/ixl-review.mdx,
6981,businesstool,jAlbum Review,https://idealonlinebusiness.com/jalbum-review/,/tools/jalbum-review,content/tools/jalbum-review.mdx,
6983,businesstool,Koolay Review,https://idealonlinebusiness.com/koolay-review/,/tools/koolay-review,content/tools/koolay-review.mdx,
6985,businesstool,LucidLink Review,https://idealonlinebusiness.com/lucidlink-review/,/tools/lucidlink-review,content/tools/lucidlink-review.mdx,
6987,businesstool,Magic Keys Review,https://idealonlinebusiness.com/magic-keys-review/,/tools/magic-keys-review,content/tools/magic-keys-review.mdx,
6989,businesstool,Melio Review,https://idealonlinebusiness.com/melio-review/,/tools/melio-review,content/tools/melio-review.mdx,
6991,businesstool,MICAS Review,https://idealonlinebusiness.com/micas-review/,/tools/micas-review,content/tools/micas-review.mdx,
6993,businesstool,Mitigately Review,https://idealonlinebusiness.com/mitigately-review/,/tools/mitigately-review,content/tools/mitigately-review.mdx,
6995,businesstool,Nextiva Review,https://idealonlinebusiness.com/nextiva-review/,/tools/nextiva-review,content/tools/nextiva-review.mdx,
6998,businesstool,Omnisend Review,https://idealonlinebusiness.com/omnisend-review/,/tools/omnisend-review,content/tools/omnisend-review.mdx,
7000,businesstool,National Personal Training Institute Review,https://idealonlinebusiness.com/national-personal-training-institute-review/,/tools/national-personal-training-institute-review,content/tools/national-personal-training-institute-review.mdx,
7002,businesstool,Pacdora Review,https://idealonlinebusiness.com/pacdora-review/,/tools/pacdora-review,content/tools/pacdora-review.mdx,
7004,businesstool,Picsart Review,https://idealonlinebusiness.com/picsart-review/,/tools/picsart-review,content/tools/picsart-review.mdx,
7006,businesstool,Pinwheel Kids and Teens Phone Review,https://idealonlinebusiness.com/pinwheel-kids-and-teens-phone-review/,/tools/pinwheel-kids-and-teens-phone-review,content/tools/pinwheel-kids-and-teens-phone-review.mdx,
7008,businesstool,Popilush Review,https://idealonlinebusiness.com/popilush-review/,/tools/popilush-review,content/tools/popilush-review.mdx,
7010,businesstool,PosterMyWall Review,https://idealonlinebusiness.com/postermywall-review/,/tools/postermywall-review,content/tools/postermywall-review.mdx,
7012,businesstool,Preply Review,https://idealonlinebusiness.com/preply-review/,/tools/preply-review,content/tools/preply-review.mdx,
7014,businesstool,Rosetta Stone Review,https://idealonlinebusiness.com/rosetta-stone-review/,/tools/rosetta-stone-review,content/tools/rosetta-stone-review.mdx,
7016,businesstool,Sider Review,https://idealonlinebusiness.com/sider-review/,/tools/sider-review,content/tools/sider-review.mdx,
7018,businesstool,Sintra Review,https://idealonlinebusiness.com/sintra-review/,/tools/sintra-review,content/tools/sintra-review.mdx,
7020,businesstool,Spotahome Review,https://idealonlinebusiness.com/spotahome-review/,/tools/spotahome-review,content/tools/spotahome-review.mdx,
7022,businesstool,StellarWP Review,https://idealonlinebusiness.com/stellarwp-review/,/tools/stellarwp-review,content/tools/stellarwp-review.mdx,
7024,businesstool,Streamlabs Review,https://idealonlinebusiness.com/streamlabs-review/,/tools/streamlabs-review,content/tools/streamlabs-review.mdx,
7098,businesstool,ES-Roborock Review,https://idealonlinebusiness.com/es-roborock-review/,/tools/es-roborock-review,content/tools/es-roborock-review.mdx,
7113,businesstool,eSIM Japan Review,https://idealonlinebusiness.com/esim-japan-review/,/tools/esim-japan-review,content/tools/esim-japan-review.mdx,
7124,businesstool,eSIM Korea Review,https://idealonlinebusiness.com/esim-korea-review/,/tools/esim-korea-review,content/tools/esim-korea-review.mdx,
7135,businesstool,eSIM Singapore Review,https://idealonlinebusiness.com/esim-singapore-review/,/tools/esim-singapore-review,content/tools/esim-singapore-review.mdx,
7147,businesstool,eSIM Thailand Review,https://idealonlinebusiness.com/esim-thailand-review/,/tools/esim-thailand-review,content/tools/esim-thailand-review.mdx,
7163,businesstool,eSIM USA Review,https://idealonlinebusiness.com/esim-usa-review/,/tools/esim-usa-review,content/tools/esim-usa-review.mdx,
7288,businesstool,FR-Roborock Review,https://idealonlinebusiness.com/fr-roborock-review/,/tools/fr-roborock-review,content/tools/fr-roborock-review.mdx,
7319,businesstool,Eureka EU Review,https://idealonlinebusiness.com/eureka-eu-review/,/tools/eureka-eu-review,content/tools/eureka-eu-review.mdx,
7344,businesstool,Ever-Pretty Review,https://idealonlinebusiness.com/ever-pretty-review/,/tools/ever-pretty-review,content/tools/ever-pretty-review.mdx,
7367,businesstool,Factor NL Review,https://idealonlinebusiness.com/factor-nl-review/,/tools/factor-nl-review,content/tools/factor-nl-review.mdx,
7389,businesstool,Faire Wholesale Review,https://idealonlinebusiness.com/faire-wholesale-review/,/tools/faire-wholesale-review,content/tools/faire-wholesale-review.mdx,
7413,businesstool,Ferrari World Abu Dhabi Review,https://idealonlinebusiness.com/ferrari-world-abu-dhabi-review/,/tools/ferrari-world-abu-dhabi-review,content/tools/ferrari-world-abu-dhabi-review.mdx,
7436,businesstool,FI-Roborock Review,https://idealonlinebusiness.com/fi-roborock-review/,/tools/fi-roborock-review,content/tools/fi-roborock-review.mdx,
7486,businesstool,Finom France Review,https://idealonlinebusiness.com/finom-france-review/,/tools/finom-france-review,content/tools/finom-france-review.mdx,
7496,businesstool,Finom Germany Review,https://idealonlinebusiness.com/finom-germany-review/,/tools/finom-germany-review,content/tools/finom-germany-review.mdx,
7506,businesstool,Finom Italy Review,https://idealonlinebusiness.com/finom-italy-review/,/tools/finom-italy-review,content/tools/finom-italy-review.mdx,
7516,businesstool,Finom Netherlands Review,https://idealonlinebusiness.com/finom-netherlands-review/,/tools/finom-netherlands-review,content/tools/finom-netherlands-review.mdx,
7526,businesstool,Firmoo UK Review,https://idealonlinebusiness.com/firmoo-uk-review/,/tools/firmoo-uk-review,content/tools/firmoo-uk-review.mdx,
7536,businesstool,FitVille DE Review,https://idealonlinebusiness.com/fitville-de-review/,/tools/fitville-de-review,content/tools/fitville-de-review.mdx,
7546,businesstool,FitVille UK Review,https://idealonlinebusiness.com/fitville-uk-review/,/tools/fitville-uk-review,content/tools/fitville-uk-review.mdx,
7630,businesstool,Timify Review,https://idealonlinebusiness.com/timify-review/,/tools/timify-review,content/tools/timify-review.mdx,
7640,businesstool,Xero Review,https://idealonlinebusiness.com/xero-review/,/tools/xero-review,content/tools/xero-review.mdx,
7650,businesstool,Boost Commerce Review,https://idealonlinebusiness.com/boost-commerce-review/,/tools/boost-commerce-review,content/tools/boost-commerce-review.mdx,
7660,businesstool,Seotool Adda Review,https://idealonlinebusiness.com/seotool-adda-review/,/tools/seotool-adda-review,content/tools/seotool-adda-review.mdx,
7671,businesstool,XGIMI Review,https://idealonlinebusiness.com/xgimi-review/,/tools/xgimi-review,content/tools/xgimi-review.mdx,
7681,businesstool,SE-Roborock Review,https://idealonlinebusiness.com/se-roborock-review/,/tools/se-roborock-review,content/tools/se-roborock-review.mdx,
7763,businesstool,Decktopus Review,https://idealonlinebusiness.com/decktopus-review/,/tools/decktopus-review,content/tools/decktopus-review.mdx,
7773,businesstool,GMass Review,https://idealonlinebusiness.com/gmass-review/,/tools/gmass-review,content/tools/gmass-review.mdx,
7783,businesstool,DocSend Review,https://idealonlinebusiness.com/docsend-review/,/tools/docsend-review,content/tools/docsend-review.mdx,
7793,businesstool,Domo Review,https://idealonlinebusiness.com/domo-review/,/tools/domo-review,content/tools/domo-review.mdx,
7849,businesstool,AISEO Review,https://idealonlinebusiness.com/aiseo-review/,/tools/aiseo-review,content/tools/aiseo-review.mdx,
7874,businesstool,Namesilo Review,https://idealonlinebusiness.com/namesilo-review/,/tools/namesilo-review,content/tools/namesilo-review.mdx,
7893,businesstool,CallHippo Review,https://idealonlinebusiness.com/callhippo-review/,/tools/callhippo-review,content/tools/callhippo-review.mdx,
7914,businesstool,Graphy Review,https://idealonlinebusiness.com/graphy-review/,/tools/graphy-review,content/tools/graphy-review.mdx,
7933,businesstool,Trip.com Review,https://idealonlinebusiness.com/trip-com-review/,/tools/trip-com-review,content/tools/trip-com-review.mdx,
7957,businesstool,Expensify Review,https://idealonlinebusiness.com/expensify-review/,/tools/expensify-review,content/tools/expensify-review.mdx,
8074,businesstool,Verv Review,https://idealonlinebusiness.com/verv-review/,/tools/verv-review,content/tools/verv-review.mdx,
8103,businesstool,Vegas.com Review,https://idealonlinebusiness.com/vegas-com-review/,/tools/vegas-com-review,content/tools/vegas-com-review.mdx,
8121,businesstool,USLegalForms Review,https://idealonlinebusiness.com/uslegalforms-review/,/tools/uslegalforms-review,content/tools/uslegalforms-review.mdx,
8138,businesstool,Roborock Review,https://idealonlinebusiness.com/roborock-review/,/tools/roborock-review,content/tools/roborock-review.mdx,
8155,businesstool,PL-Roborock Review,https://idealonlinebusiness.com/pl-roborock-review/,/tools/pl-roborock-review,content/tools/pl-roborock-review.mdx,
8268,businesstool,IT-Roborock Review,https://idealonlinebusiness.com/it-roborock-review/,/tools/it-roborock-review,content/tools/it-roborock-review.mdx,
8285,businesstool,KKday Review,https://idealonlinebusiness.com/kkday-review/,/tools/kkday-review,content/tools/kkday-review.mdx,
8300,businesstool,MyOutDesk Review,https://idealonlinebusiness.com/myoutdesk-review/,/tools/myoutdesk-review,content/tools/myoutdesk-review.mdx,
8310,businesstool,impact.com Review,https://idealonlinebusiness.com/impact-com-review/,/tools/impact-com-review,content/tools/impact-com-review.mdx,
8822,businesstool,Automattic Review,https://idealonlinebusiness.com/automattic-review/,/tools/automattic-review,content/tools/automattic-review.mdx,
8837,businesstool,EaseUS Review,https://idealonlinebusiness.com/easeus-review/,/tools/easeus-review,content/tools/easeus-review.mdx,
8849,businesstool,Dyson Indonesia Review,https://idealonlinebusiness.com/dyson-indonesia-review/,/tools/dyson-indonesia-review,content/tools/dyson-indonesia-review.mdx,
8859,businesstool,Alpinestars France Review,https://idealonlinebusiness.com/alpinestars-france-review/,/tools/alpinestars-france-review,content/tools/alpinestars-france-review.mdx,
8869,businesstool,Alpinestars Italy Review,https://idealonlinebusiness.com/alpinestars-italy-review/,/tools/alpinestars-italy-review,content/tools/alpinestars-italy-review.mdx,
8879,businesstool,Alpinestars UK Review,https://idealonlinebusiness.com/alpinestars-uk-review/,/tools/alpinestars-uk-review,content/tools/alpinestars-uk-review.mdx,
8889,businesstool,Aiper Australia Review,https://idealonlinebusiness.com/aiper-australia-review/,/tools/aiper-australia-review,content/tools/aiper-australia-review.mdx,
8899,businesstool,Engwe Bikes UK Review,https://idealonlinebusiness.com/engwe-bikes-uk-review/,/tools/engwe-bikes-uk-review,content/tools/engwe-bikes-uk-review.mdx,
8909,businesstool,Engwe Bikes Review,https://idealonlinebusiness.com/engwe-bikes-review/,/tools/engwe-bikes-review,content/tools/engwe-bikes-review.mdx,
8919,businesstool,Engwe Bikes DE Review,https://idealonlinebusiness.com/engwe-bikes-de-review/,/tools/engwe-bikes-de-review,content/tools/engwe-bikes-de-review.mdx,
8929,businesstool,Eufy Review,https://idealonlinebusiness.com/eufy-review/,/tools/eufy-review,content/tools/eufy-review.mdx,
8939,businesstool,Ulike France Review,https://idealonlinebusiness.com/ulike-france-review/,/tools/ulike-france-review,content/tools/ulike-france-review.mdx,
8949,businesstool,Ulike UK Review,https://idealonlinebusiness.com/ulike-uk-review/,/tools/ulike-uk-review,content/tools/ulike-uk-review.mdx,
8967,businesstool,Big Cash Review,https://idealonlinebusiness.com/big-cash-review/,/tools/big-cash-review,content/tools/big-cash-review.mdx,
8977,businesstool,Eco-Worthy DE Review,https://idealonlinebusiness.com/eco-worthy-de-review/,/tools/eco-worthy-de-review,content/tools/eco-worthy-de-review.mdx,
8987,businesstool,Placeit Review,https://idealonlinebusiness.com/envato-placeit-review/,/tools/envato-placeit-review,content/tools/envato-placeit-review.mdx,
8997,businesstool,iMyFone Review,https://idealonlinebusiness.com/imyfone-review/,/tools/imyfone-review,content/tools/imyfone-review.mdx,
9007,businesstool,Journey by Mediavine Review,https://idealonlinebusiness.com/journey-by-mediavine-review/,/tools/journey-by-mediavine-review,content/tools/journey-by-mediavine-review.mdx,
9017,businesstool,WordPerfect Review,https://idealonlinebusiness.com/wordperfect-review/,/tools/wordperfect-review,content/tools/wordperfect-review.mdx,
9027,businesstool,Umbra Review,https://idealonlinebusiness.com/umbra-review/,/tools/umbra-review,content/tools/umbra-review.mdx,
9037,businesstool,UNice Review,https://idealonlinebusiness.com/unice-review/,/tools/unice-review,content/tools/unice-review.mdx,
9047,businesstool,UniPin Review,https://idealonlinebusiness.com/unipin-review/,/tools/unipin-review,content/tools/unipin-review.mdx,
9057,businesstool,UniWigs Review,https://idealonlinebusiness.com/uniwigs-review/,/tools/uniwigs-review,content/tools/uniwigs-review.mdx,
9067,businesstool,Vego Garden Review,https://idealonlinebusiness.com/vego-garden-review/,/tools/vego-garden-review,content/tools/vego-garden-review.mdx,
9077,businesstool,Vertu Review,https://idealonlinebusiness.com/vertu-review/,/tools/vertu-review,content/tools/vertu-review.mdx,
9087,businesstool,Thin Lizzy NZ Review,https://idealonlinebusiness.com/thin-lizzy-nz-review/,/tools/thin-lizzy-nz-review,content/tools/thin-lizzy-nz-review.mdx,
9097,businesstool,Turtle Beach US Review,https://idealonlinebusiness.com/turtle-beach-us-review/,/tools/turtle-beach-us-review,content/tools/turtle-beach-us-review.mdx,
9107,businesstool,Ugreen UK Review,https://idealonlinebusiness.com/ugreen-uk-review/,/tools/ugreen-uk-review,content/tools/ugreen-uk-review.mdx,
9117,businesstool,Xpluswear Review,https://idealonlinebusiness.com/xpluswear-review/,/tools/xpluswear-review,content/tools/xpluswear-review.mdx,
9127,businesstool,Zonli Review,https://idealonlinebusiness.com/zonli-review/,/tools/zonli-review,content/tools/zonli-review.mdx,
3,page,Privacy Policy,https://idealonlinebusiness.com/privacy-policy/,/privacy-policy,content/pages/privacy-policy.mdx,
8,page,Home,https://idealonlinebusiness.com/home/,/,content/home/home.mdx,
603,page,Terms of Use,https://idealonlinebusiness.com/terms-of-use/,/terms-of-use,content/pages/terms-of-use.mdx,
952,page,Deel,https://idealonlinebusiness.com/deel/,/go/deel,content/landing/deel.mdx,
1035,page,Helium 10 Lead Magnet,https://idealonlinebusiness.com/helium-10-lead-magnet/,/go/deel,content/landing/helium-10-lead-magnet.mdx,
1058,page,Get Your Guide Lead Page,https://idealonlinebusiness.com/getyourguide-lead-page/,/go/deel,content/landing/getyourguide-lead-page.mdx,
1123,page,Deel Lead Thank you Page Instantform,https://idealonlinebusiness.com/deel-lead-thank-you-page-instantform/,/go/deel/thank-you,content/landing/deel-lead-thank-you-page-instantform.mdx,
1151,page,Helium10 Lead Thank You Page,https://idealonlinebusiness.com/helium10-lead-thank-you-page/,/go/deel/thank-you,content/landing/helium10-lead-thank-you-page.mdx,
1164,page,Get Your Guide Lead Thank You Page,https://idealonlinebusiness.com/getyourguide-lead-thank-you-page/,/go/deel/thank-you,content/landing/getyourguide-lead-thank-you-page.mdx,
1240,page,Small Business Tools That Help Boost Productivity,https://idealonlinebusiness.com/small-business-tools/,/small-business-tools,content/pages/small-business-tools.mdx,
1244,page,Blogs,https://idealonlinebusiness.com/blogs/,/blogs,content/pages/blogs.mdx,
1254,page,Affiliate Disclosure,https://idealonlinebusiness.com/affiliate-disclosure/,/affiliate-disclosure,content/pages/affiliate-disclosure.mdx,
1256,page,General Disclosures,https://idealonlinebusiness.com/general-disclosures/,/general-disclosures,content/pages/general-disclosures.mdx,
1362,page,Contact Us,https://idealonlinebusiness.com/contact-us/,/contact-us,content/pages/contact-us.mdx,
1385,page,Business Tools,https://idealonlinebusiness.com/business-tools/,/business-tools,content/pages/business-tools.mdx,
1404,page,About Us,https://idealonlinebusiness.com/about-us/,/about-us,content/pages/about-us.mdx,
2176,page,Earning Disclaimer,https://idealonlinebusiness.com/earning-disclaimer/,/earning-disclaimer,content/pages/earning-disclaimer.mdx,
9760,page,workshop,https://idealonlinebusiness.com/workshop/,/workshop,content/pages/workshop.mdx,
9764,page,HighLevel,https://idealonlinebusiness.com/highlevel/,/go/deel/thank-you,content/landing/highlevel.mdx,
9803,page,CRM,https://idealonlinebusiness.com/crm/,/crm,content/pages/crm.mdx,
9805,page,Gohighlevel,https://idealonlinebusiness.com/gohighlevel/,/go/deel/thank-you,content/landing/gohighlevel.mdx,
1,post,Hello world!,https://idealonlinebusiness.com/hello/,/blog/hello,content/blog/hello.mdx,
